sample_id,population,fis
HG01879,ACB,-0.01975
HG01880,ACB,-0.08412
HG01882,ACB,0.01301
HG01883,ACB,-0.00895
HG01885,ACB,0.007268
HG01886,ACB,-0.003922
HG01889,ACB,0.01116
HG01890,ACB,-0.01102
HG01894,ACB,0.001074
HG01896,ACB,0.02028
HG01912,ACB,0.01119
HG01914,ACB,-0.008988
HG01915,ACB,-0.0007348
HG01956,ACB,0.001583
HG01958,ACB,-0.01826
HG01985,ACB,0.00152
HG01986,ACB,-0.001212
HG01988,ACB,-0.03985
HG01989,ACB,-0.01045
HG01990,ACB,-0.0017
HG02009,ACB,-0.01312
HG02010,ACB,-0.0149
HG02012,ACB,-0.002902
HG02013,ACB,0.00976
HG02014,ACB,-0.0126
HG02051,ACB,0.0145
HG02052,ACB,0.01136
HG02053,ACB,0.001243
HG02054,ACB,-0.009817
HG02095,ACB,0.004621
HG02107,ACB,0.007404
HG02108,ACB,-0.01018
HG02111,ACB,0.005815
HG02143,ACB,-0.01513
HG02144,ACB,0.006979
HG02255,ACB,0.001055
HG02256,ACB,-0.02481
HG02281,ACB,0.01344
HG02282,ACB,-0.02002
HG02283,ACB,-0.02359
HG02284,ACB,-0.01173
HG02307,ACB,-0.002219
HG02308,ACB,-0.001357
HG02309,ACB,-0.003813
HG02314,ACB,0.0061
HG02315,ACB,-0.01159
HG02317,ACB,0.008943
HG02318,ACB,0.01234
HG02322,ACB,-0.007339
HG02323,ACB,0.00603
HG02325,ACB,0.01636
HG02330,ACB,-0.008223
HG02332,ACB,0.0001727
HG02334,ACB,-0.03256
HG02337,ACB,-0.007311
HG02339,ACB,0.03919
HG02343,ACB,-0.02827
HG02419,ACB,0.008412
HG02420,ACB,-0.06115
HG02427,ACB,0.00477
HG02429,ACB,-1.037e-05
HG02433,ACB,-0.01492
HG02439,ACB,0.006873
HG02442,ACB,0.01832
HG02445,ACB,-0.008581
HG02449,ACB,0.0124
HG02450,ACB,-0.0005865
HG02455,ACB,-0.005793
HG02470,ACB,0.004337
HG02471,ACB,0.005526
HG02476,ACB,-0.01773
HG02477,ACB,-0.01381
HG02479,ACB,0.001297
HG02481,ACB,7.587e-05
HG02484,ACB,-0.01147
HG02485,ACB,-0.02813
HG02489,ACB,-0.00229
HG02496,ACB,-0.0003247
HG02497,ACB,0.008496
HG02501,ACB,-0.02323
HG02502,ACB,-0.008857
HG02505,ACB,0.00433
HG02508,ACB,-0.0008917
HG02511,ACB,0.007048
HG02536,ACB,-0.01838
HG02537,ACB,0.01017
HG02541,ACB,-0.02327
HG02545,ACB,0.004728
HG02546,ACB,0.001132
HG02549,ACB,0.01093
HG02554,ACB,-0.002822
HG02555,ACB,-0.007933
HG02557,ACB,0.004012
HG02558,ACB,-0.00216
HG02577,ACB,-0.0167
HG02580,ACB,-0.01071
HGDP01381,Adygei,-0.0271
HGDP01382,Adygei,-0.01998
HGDP01383,Adygei,-0.01356
HGDP01384,Adygei,-0.005635
HGDP01385,Adygei,-0.03697
HGDP01386,Adygei,-0.02475
HGDP01387,Adygei,-0.02487
HGDP01388,Adygei,-0.04581
HGDP01396,Adygei,-0.04331
HGDP01397,Adygei,-0.02503
HGDP01398,Adygei,-0.03313
HGDP01399,Adygei,-0.02878
HGDP01400,Adygei,-0.03624
HGDP01403,Adygei,-0.0311
HGDP01404,Adygei,-0.04233
LP6005441-DNA_A01,Adygei,-0.01686
LP6005441-DNA_B01,Adygei,-0.03086
NA19625,ASW,-0.05018
NA19700,ASW,-0.01089
NA19701,ASW,-0.001993
NA19703,ASW,0.005825
NA19704,ASW,0.003285
NA19707,ASW,-0.01278
NA19711,ASW,0.002173
NA19712,ASW,0.01281
NA19713,ASW,-0.01658
NA19818,ASW,-0.002613
NA19819,ASW,-0.006459
NA19834,ASW,-0.02123
NA19835,ASW,-0.003761
NA19900,ASW,-0.005541
NA19901,ASW,0.01547
NA19904,ASW,0.002297
NA19908,ASW,0.01267
NA19909,ASW,0.001778
NA19913,ASW,0.007043
NA19914,ASW,-0.01563
NA19916,ASW,0.009797
NA19917,ASW,0.02332
NA19920,ASW,0.01158
NA19921,ASW,-0.03929
NA19922,ASW,-0.01634
NA19923,ASW,-0.01858
NA19982,ASW,0.00377
NA19984,ASW,-0.00367
NA20126,ASW,-0.01687
NA20127,ASW,0.02164
NA20274,ASW,-0.06062
NA20276,ASW,-0.009808
NA20278,ASW,-0.08501
NA20281,ASW,0.0002354
NA20282,ASW,-0.01995
NA20287,ASW,0.003867
NA20289,ASW,0.000619
NA20291,ASW,0.02024
NA20294,ASW,-0.00509
NA20296,ASW,-0.01555
NA20298,ASW,0.01957
NA20299,ASW,-0.07828
NA20314,ASW,0.09717
NA20317,ASW,-0.006858
NA20318,ASW,-0.02251
NA20320,ASW,0.004029
NA20321,ASW,-0.002768
NA20332,ASW,-0.01911
NA20334,ASW,-0.0245
NA20339,ASW,0.01952
NA20340,ASW,0.002884
NA20342,ASW,-0.04054
NA20346,ASW,-0.008492
NA20348,ASW,-0.002003
NA20351,ASW,-0.0359
NA20355,ASW,-0.006598
NA20356,ASW,0.002885
NA20357,ASW,0.008317
NA20359,ASW,0.005551
NA20362,ASW,-0.003986
NA20412,ASW,-0.01077
HGDP00052,Balochi,0.1015
HGDP00054,Balochi,0.01875
HGDP00056,Balochi,-0.02818
HGDP00057,Balochi,-0.05931
HGDP00060,Balochi,-0.0505
HGDP00062,Balochi,-0.009845
HGDP00064,Balochi,0.1014
HGDP00066,Balochi,0.05513
HGDP00068,Balochi,0.06802
HGDP00070,Balochi,-0.02507
HGDP00072,Balochi,-0.004259
HGDP00074,Balochi,0.1185
HGDP00076,Balochi,-0.04232
HGDP00078,Balochi,-0.02612
HGDP00080,Balochi,-0.01984
HGDP00082,Balochi,0.03851
HGDP00086,Balochi,0.04129
HGDP00088,Balochi,0.06592
HGDP00092,Balochi,0.1005
HGDP00094,Balochi,0.02349
HGDP00096,Balochi,0.06068
HGDP00098,Balochi,0.08966
LP6005441-DNA_C01,Balochi,0.01748
LP6005441-DNA_D01,Balochi,0.0794
HGDP01405,BantuKenya,-0.04082
HGDP01406,BantuKenya,-0.04728
HGDP01408,BantuKenya,-0.04838
HGDP01411,BantuKenya,-0.05572
HGDP01412,BantuKenya,-0.03031
HGDP01413,BantuKenya,-0.05451
HGDP01415,BantuKenya,-0.04963
HGDP01416,BantuKenya,-0.05833
HGDP01418,BantuKenya,-0.04683
HGDP01419,BantuKenya,-0.03937
LP6005441-DNA_B02,BantuKenya,-0.03577
LP6005443-DNA_A01,BantuKenya,-0.046
HGDP00993,BantuSouthAfrica,-0.06335
HGDP00994,BantuSouthAfrica,-0.05961
HGDP01031,BantuSouthAfrica,-0.06192
HGDP01033,BantuSouthAfrica,-0.05266
LP6005441-DNA_F01,BantuSouthAfrica,-0.06416
LP6005443-DNA_E02,BantuSouthAfrica,-0.04301
LP6005443-DNA_F02,BantuSouthAfrica,-0.06232
LP6005443-DNA_G02,BantuSouthAfrica,-0.0375
HGDP01357,Basque,-0.01651
HGDP01358,Basque,-0.00504
HGDP01359,Basque,-0.0175
HGDP01360,Basque,-0.01648
HGDP01361,Basque,-0.02083
HGDP01362,Basque,-0.01661
HGDP01363,Basque,-0.03558
HGDP01366,Basque,-0.02243
HGDP01367,Basque,-0.02232
HGDP01368,Basque,-0.01857
HGDP01369,Basque,-0.02796
HGDP01370,Basque,-0.02019
HGDP01371,Basque,-0.0823
HGDP01372,Basque,0.04145
HGDP01373,Basque,-0.01698
HGDP01374,Basque,-0.01394
HGDP01375,Basque,-0.02699
HGDP01376,Basque,-0.02011
HGDP01377,Basque,-0.01593
HGDP01378,Basque,-0.01143
HGDP01379,Basque,-0.01526
HGDP01380,Basque,-0.02265
LP6005441-DNA_C02,Basque,-0.02554
LP6005441-DNA_D02,Basque,-0.02054
HG03006,BEB,-0.01062
HG03007,BEB,0.01542
HG03009,BEB,-0.006988
HG03012,BEB,-0.009489
HG03585,BEB,-0.004414
HG03589,BEB,-0.006065
HG03593,BEB,-0.001974
HG03594,BEB,-0.002502
HG03595,BEB,-0.009998
HG03598,BEB,-0.003345
HG03600,BEB,0.009622
HG03603,BEB,-0.002211
HG03604,BEB,-0.001865
HG03607,BEB,-0.006435
HG03611,BEB,-0.01051
HG03615,BEB,0.03266
HG03616,BEB,-0.008107
HG03793,BEB,-0.003563
HG03796,BEB,-0.01527
HG03800,BEB,-0.01162
HG03802,BEB,0.001885
HG03803,BEB,-0.002839
HG03805,BEB,-0.009644
HG03808,BEB,-0.0006043
HG03809,BEB,-0.005811
HG03812,BEB,-0.009211
HG03814,BEB,0.005462
HG03815,BEB,0.0006367
HG03817,BEB,0.02554
HG03821,BEB,-0.003286
HG03823,BEB,-0.006171
HG03824,BEB,0.005917
HG03826,BEB,-0.009913
HG03829,BEB,0.01386
HG03830,BEB,-0.002461
HG03832,BEB,-0.01342
HG03833,BEB,-0.006508
HG03902,BEB,-0.01127
HG03905,BEB,-0.006615
HG03907,BEB,0.01083
HG03908,BEB,-0.008662
HG03910,BEB,0.02685
HG03911,BEB,0.0003564
HG03913,BEB,-0.001058
HG03914,BEB,-0.003874
HG03916,BEB,-0.003162
HG03917,BEB,-0.009191
HG03919,BEB,-0.005652
HG03920,BEB,0.001666
HG03922,BEB,-0.00837
HG03925,BEB,-0.006593
HG03926,BEB,-0.01218
HG03928,BEB,-0.008294
HG03931,BEB,-0.005928
HG03934,BEB,-0.004472
HG03937,BEB,0.005225
HG03940,BEB,-0.001151
HG03941,BEB,0.01154
HG04131,BEB,-0.01043
HG04134,BEB,-0.003565
HG04140,BEB,0.002224
HG04141,BEB,0.004989
HG04144,BEB,0.001568
HG04146,BEB,-8.596e-05
HG04152,BEB,0.03956
HG04153,BEB,-0.00997
HG04155,BEB,-0.01499
HG04156,BEB,0.003039
HG04158,BEB,-0.003875
HG04159,BEB,-0.01135
HG04161,BEB,-0.00729
HG04162,BEB,-0.004079
HG04164,BEB,-0.01619
HG04171,BEB,-0.0129
HG04173,BEB,-0.009367
HG04176,BEB,-0.009808
HG04177,BEB,0.002928
HG04180,BEB,-0.002435
HG04182,BEB,-0.00748
HG04183,BEB,-0.004324
HG04185,BEB,0.0002007
HG04186,BEB,0.008559
HG04188,BEB,-0.001942
HG04189,BEB,-0.008682
HG04194,BEB,-0.009475
HG04195,BEB,-0.008743
HGDP00607,Bedouin,0.01741
HGDP00608,Bedouin,0.03355
HGDP00609,Bedouin,0.0159
HGDP00610,Bedouin,0.05448
HGDP00611,Bedouin,-0.04289
HGDP00612,Bedouin,0.07223
HGDP00613,Bedouin,-0.01717
HGDP00614,Bedouin,0.005806
HGDP00615,Bedouin,0.0708
HGDP00618,Bedouin,0.05745
HGDP00619,Bedouin,-0.01488
HGDP00620,Bedouin,-0.01448
HGDP00621,Bedouin,-0.05399
HGDP00622,Bedouin,0.05462
HGDP00623,Bedouin,0.08253
HGDP00624,Bedouin,0.02391
HGDP00625,Bedouin,-0.003502
HGDP00626,Bedouin,0.06332
HGDP00627,Bedouin,0.003542
HGDP00628,Bedouin,0.08024
HGDP00629,Bedouin,0.08111
HGDP00630,Bedouin,0.07586
HGDP00631,Bedouin,0.07479
HGDP00632,Bedouin,-0.03466
HGDP00634,Bedouin,0.04109
HGDP00635,Bedouin,-0.007732
HGDP00636,Bedouin,0.01711
HGDP00637,Bedouin,0.03879
HGDP00638,Bedouin,0.04245
HGDP00639,Bedouin,0.02294
HGDP00640,Bedouin,-0.03143
HGDP00641,Bedouin,0.02603
HGDP00642,Bedouin,-0.004327
HGDP00643,Bedouin,0.07265
HGDP00644,Bedouin,0.02415
HGDP00645,Bedouin,0.03976
HGDP00646,Bedouin,-0.04402
HGDP00647,Bedouin,0.08794
HGDP00648,Bedouin,0.01596
HGDP00649,Bedouin,0.1389
HGDP00651,Bedouin,0.07351
HGDP00653,Bedouin,0.0804
HGDP00654,Bedouin,0.01424
HGDP00701,Bedouin,0.03869
LP6005441-DNA_E02,Bedouin,0.08028
LP6005441-DNA_F02,Bedouin,0.02974
HGDP00452,BiakaPygmy,-0.01967
HGDP00453,BiakaPygmy,-0.0239
HGDP00454,BiakaPygmy,-0.02359
HGDP00455,BiakaPygmy,0.0052
HGDP00458,BiakaPygmy,-0.01883
HGDP00459,BiakaPygmy,-0.02113
HGDP00460,BiakaPygmy,-0.02908
HGDP00464,BiakaPygmy,-0.02756
HGDP00465,BiakaPygmy,-0.01091
HGDP00466,BiakaPygmy,-0.03196
HGDP00469,BiakaPygmy,-0.02248
HGDP00470,BiakaPygmy,-0.03112
HGDP00472,BiakaPygmy,-0.03062
HGDP00473,BiakaPygmy,-0.03306
HGDP00475,BiakaPygmy,-0.04313
HGDP00479,BiakaPygmy,-0.02348
HGDP00981,BiakaPygmy,-0.03136
HGDP00985,BiakaPygmy,-0.0185
HGDP00986,BiakaPygmy,-0.02816
HGDP01086,BiakaPygmy,-0.02244
HGDP01087,BiakaPygmy,-0.02024
HGDP01090,BiakaPygmy,-0.02613
HGDP01092,BiakaPygmy,-0.03627
HGDP01094,BiakaPygmy,-0.02679
LP6005441-DNA_G02,BiakaPygmy,-0.03393
LP6005441-DNA_H02,BiakaPygmy,-0.02002
HGDP00001,Brahui,-0.01342
HGDP00003,Brahui,0.07646
HGDP00005,Brahui,-0.0167
HGDP00007,Brahui,-0.01193
HGDP00009,Brahui,-0.01839
HGDP00011,Brahui,-0.006676
HGDP00013,Brahui,-0.0637
HGDP00015,Brahui,0.0254
HGDP00017,Brahui,0.06665
HGDP00021,Brahui,-0.02178
HGDP00023,Brahui,-0.01401
HGDP00025,Brahui,-0.009309
HGDP00029,Brahui,-0.05296
HGDP00031,Brahui,0.01218
HGDP00033,Brahui,0.02877
HGDP00035,Brahui,-0.02528
HGDP00037,Brahui,0.01425
HGDP00039,Brahui,0.01074
HGDP00041,Brahui,0.1285
HGDP00043,Brahui,0.001822
HGDP00045,Brahui,0.003303
HGDP00047,Brahui,-0.0176
HGDP00049,Brahui,-0.01757
LP6005441-DNA_C03,Brahui,0.06185
LP6005441-DNA_D03,Brahui,-0.01385
HGDP00341,Burusho,-0.02133
HGDP00346,Burusho,0.01172
HGDP00351,Burusho,-0.02103
HGDP00356,Burusho,-0.01727
HGDP00359,Burusho,-0.01307
HGDP00364,Burusho,-0.02598
HGDP00371,Burusho,-0.02487
HGDP00372,Burusho,-0.02675
HGDP00376,Burusho,0.007209
HGDP00382,Burusho,-0.03424
HGDP00388,Burusho,-0.01678
HGDP00392,Burusho,-0.007081
HGDP00397,Burusho,0.03455
HGDP00402,Burusho,-0.02167
HGDP00407,Burusho,-0.01391
HGDP00412,Burusho,-0.02751
HGDP00417,Burusho,-0.0235
HGDP00423,Burusho,-0.01224
HGDP00433,Burusho,-0.009911
HGDP00438,Burusho,-0.01128
HGDP00444,Burusho,-0.02258
HGDP00445,Burusho,-0.0214
LP6005441-DNA_E03,Burusho,-0.01465
LP6005441-DNA_F03,Burusho,-0.03259
HGDP00711,Cambodian,-0.04638
HGDP00712,Cambodian,-0.02726
HGDP00714,Cambodian,-0.05566
HGDP00715,Cambodian,-0.0675
HGDP00716,Cambodian,-0.05485
HGDP00719,Cambodian,-0.0589
HGDP00720,Cambodian,-0.01765
HGDP00721,Cambodian,-0.04256
LP6005441-DNA_G03,Cambodian,-0.04396
LP6005441-DNA_H03,Cambodian,-0.05033
HG00759,CDX,-0.003467
HG00766,CDX,-0.003112
HG00844,CDX,-0.01047
HG00851,CDX,0.00379
HG00864,CDX,-0.01001
HG00867,CDX,-0.008486
HG00879,CDX,-0.01121
HG00881,CDX,-0.006972
HG00956,CDX,-0.007548
HG00978,CDX,-0.01916
HG00982,CDX,-0.001661
HG01028,CDX,-0.00713
HG01029,CDX,-0.00211
HG01031,CDX,-0.01651
HG01046,CDX,0.01161
HG01794,CDX,0.009663
HG01795,CDX,-0.004086
HG01796,CDX,-0.001417
HG01797,CDX,0.001921
HG01798,CDX,-0.01534
HG01799,CDX,0.006135
HG01800,CDX,0.03157
HG01801,CDX,0.001787
HG01802,CDX,-0.01269
HG01804,CDX,-0.006364
HG01805,CDX,-0.009157
HG01806,CDX,-0.0006228
HG01807,CDX,-0.009965
HG01808,CDX,-0.008914
HG01809,CDX,0.01136
HG01810,CDX,0.008128
HG01811,CDX,0.006518
HG01812,CDX,0.0006374
HG01813,CDX,0.0006782
HG01815,CDX,-0.01135
HG01816,CDX,0.12
HG01817,CDX,-0.001223
HG02151,CDX,-0.00864
HG02152,CDX,0.01119
HG02153,CDX,-0.0006624
HG02154,CDX,0.03165
HG02155,CDX,-0.004825
HG02156,CDX,0.01536
HG02164,CDX,-0.01036
HG02165,CDX,-0.01226
HG02166,CDX,0.006863
HG02178,CDX,0.003308
HG02179,CDX,-0.01444
HG02180,CDX,-0.006593
HG02181,CDX,-0.01382
HG02182,CDX,-0.004462
HG02184,CDX,0.005604
HG02185,CDX,0.005912
HG02186,CDX,-0.006746
HG02187,CDX,-0.01496
HG02188,CDX,0.001289
HG02190,CDX,-0.001442
HG02250,CDX,-0.002819
HG02351,CDX,-0.008342
HG02353,CDX,-0.0141
HG02355,CDX,-0.00226
HG02356,CDX,-0.004945
HG02360,CDX,-0.003656
HG02364,CDX,-0.01151
HG02367,CDX,-0.003603
HG02371,CDX,-0.001773
HG02373,CDX,-0.009364
HG02374,CDX,-0.00744
HG02375,CDX,0.0007393
HG02379,CDX,-0.0001332
HG02380,CDX,0.06256
HG02382,CDX,-0.005359
HG02383,CDX,-0.004864
HG02384,CDX,-0.004441
HG02385,CDX,-0.0063
HG02386,CDX,-0.01513
HG02389,CDX,-0.003033
HG02390,CDX,-0.001115
HG02391,CDX,0.01608
HG02392,CDX,0.02789
HG02394,CDX,0.001946
HG02395,CDX,-0.007179
HG02396,CDX,0.003512
HG02397,CDX,-0.002194
HG02398,CDX,0.008899
HG02399,CDX,-0.006486
HG02401,CDX,-0.005741
HG02402,CDX,-0.002827
HG02406,CDX,-0.006075
HG02407,CDX,-0.01349
HG02408,CDX,-0.005016
HG02409,CDX,-0.003442
HG02410,CDX,-0.004127
NA06984,CEU,0.00146
NA06985,CEU,-0.008432
NA06986,CEU,-0.003937
NA06989,CEU,-0.003849
NA06994,CEU,0.0004791
NA07000,CEU,-0.01008
NA07037,CEU,-0.01056
NA07048,CEU,-0.006235
NA07051,CEU,6.783e-05
NA07056,CEU,-0.002016
NA07347,CEU,-0.009622
NA07357,CEU,-0.001267
NA10847,CEU,0.000718
NA10851,CEU,0.002437
NA11829,CEU,0.003332
NA11830,CEU,-0.006929
NA11831,CEU,-0.005109
NA11832,CEU,0.001687
NA11840,CEU,-0.01469
NA11843,CEU,-0.002363
NA11881,CEU,-0.006034
NA11892,CEU,-0.007438
NA11893,CEU,-0.009352
NA11894,CEU,-0.01243
NA11918,CEU,-0.005855
NA11919,CEU,-0.01072
NA11920,CEU,-0.007972
NA11930,CEU,-0.01525
NA11931,CEU,-0.009189
NA11932,CEU,-0.01087
NA11933,CEU,-0.001908
NA11992,CEU,-0.004573
NA11994,CEU,-0.007003
NA11995,CEU,-0.003205
NA12003,CEU,-0.01641
NA12004,CEU,-0.01054
NA12005,CEU,0.002261
NA12006,CEU,-0.00815
NA12043,CEU,-0.001285
NA12044,CEU,-0.005006
NA12045,CEU,-0.007699
NA12046,CEU,-0.01132
NA12058,CEU,-0.003671
NA12144,CEU,-0.006377
NA12154,CEU,-0.004602
NA12155,CEU,-0.003173
NA12156,CEU,-0.01373
NA12234,CEU,-0.005715
NA12249,CEU,0.004971
NA12272,CEU,-0.003619
NA12273,CEU,-0.01057
NA12275,CEU,-0.01077
NA12282,CEU,-0.01049
NA12283,CEU,-0.004708
NA12286,CEU,-0.01213
NA12287,CEU,-0.004776
NA12340,CEU,-0.002484
NA12341,CEU,-0.01011
NA12342,CEU,0.03035
NA12347,CEU,-0.008618
NA12348,CEU,-0.002703
NA12383,CEU,-0.004201
NA12399,CEU,0.00169
NA12400,CEU,-0.000963
NA12413,CEU,-0.003305
NA12414,CEU,0.005354
NA12489,CEU,0.002072
NA12716,CEU,-0.003282
NA12717,CEU,0.0008125
NA12718,CEU,-0.004681
NA12748,CEU,-0.008784
NA12749,CEU,-0.002226
NA12750,CEU,-0.005011
NA12751,CEU,-0.005138
NA12760,CEU,-0.006669
NA12761,CEU,-0.003302
NA12762,CEU,0.003852
NA12763,CEU,-0.007658
NA12775,CEU,-0.00839
NA12776,CEU,-0.01064
NA12777,CEU,0.006979
NA12778,CEU,0.004362
NA12812,CEU,0.001104
NA12813,CEU,-0.001836
NA12814,CEU,-0.00335
NA12815,CEU,-0.01058
NA12827,CEU,-0.01354
NA12828,CEU,-0.008102
NA12829,CEU,-0.007839
NA12842,CEU,-0.003736
NA12843,CEU,-0.01026
NA12872,CEU,-0.01114
NA12873,CEU,-0.003836
NA12874,CEU,0.03345
NA12878,CEU,-0.004778
NA12889,CEU,-0.0008624
NA12890,CEU,-0.001883
NA18525,CHB,0.001812
NA18526,CHB,-0.0004432
NA18528,CHB,-0.006952
NA18530,CHB,-0.008506
NA18531,CHB,-0.004776
NA18532,CHB,-0.006232
NA18533,CHB,-0.00806
NA18534,CHB,-0.005081
NA18535,CHB,-0.01007
NA18536,CHB,0.001861
NA18537,CHB,-0.009641
NA18538,CHB,-0.006356
NA18539,CHB,0.00173
NA18541,CHB,0.0002644
NA18542,CHB,-0.01227
NA18543,CHB,-0.005765
NA18544,CHB,-0.004946
NA18545,CHB,0.003141
NA18546,CHB,-0.007005
NA18547,CHB,-0.004819
NA18548,CHB,-0.005811
NA18549,CHB,-0.00496
NA18550,CHB,-0.01546
NA18552,CHB,-0.005606
NA18553,CHB,-0.02123
NA18555,CHB,-0.003724
NA18557,CHB,0.004513
NA18558,CHB,-0.0002289
NA18559,CHB,-0.001175
NA18560,CHB,-0.005082
NA18561,CHB,-0.006493
NA18562,CHB,-0.01138
NA18563,CHB,-0.01369
NA18564,CHB,-0.01837
NA18565,CHB,-0.006853
NA18566,CHB,-0.003111
NA18567,CHB,-0.004504
NA18570,CHB,-0.009751
NA18571,CHB,-0.0009825
NA18572,CHB,0.000441
NA18573,CHB,-0.01447
NA18574,CHB,-0.004854
NA18577,CHB,-0.001857
NA18579,CHB,-0.008304
NA18582,CHB,-0.005955
NA18591,CHB,0.005619
NA18592,CHB,0.0003548
NA18593,CHB,-0.001992
NA18595,CHB,0.005718
NA18596,CHB,0.0003696
NA18597,CHB,-0.007589
NA18599,CHB,-0.002025
NA18602,CHB,-0.004197
NA18603,CHB,-0.008575
NA18605,CHB,-0.006402
NA18606,CHB,0.05157
NA18608,CHB,0.003114
NA18609,CHB,-0.006314
NA18610,CHB,0.001853
NA18611,CHB,-0.01161
NA18612,CHB,-0.001616
NA18613,CHB,-0.001965
NA18614,CHB,0.0008668
NA18615,CHB,-0.003015
NA18616,CHB,0.002323
NA18617,CHB,-0.0007614
NA18618,CHB,-0.007211
NA18619,CHB,-0.0001845
NA18620,CHB,-0.0008933
NA18621,CHB,0.002702
NA18622,CHB,-0.009603
NA18623,CHB,-0.009462
NA18624,CHB,0.001792
NA18625,CHB,0.002055
NA18626,CHB,-0.008261
NA18627,CHB,0.01113
NA18628,CHB,-0.00363
NA18629,CHB,-0.002679
NA18630,CHB,0.001468
NA18631,CHB,-9.656e-05
NA18632,CHB,-0.002552
NA18633,CHB,0.002887
NA18634,CHB,0.001625
NA18635,CHB,-0.001909
NA18636,CHB,-0.01049
NA18637,CHB,-0.01153
NA18638,CHB,-0.004442
NA18639,CHB,-0.007385
NA18640,CHB,-0.0007402
NA18641,CHB,-0.003921
NA18642,CHB,-0.01259
NA18643,CHB,-0.002186
NA18644,CHB,-0.004415
NA18645,CHB,-0.007186
NA18646,CHB,-0.00928
NA18647,CHB,-0.01194
NA18648,CHB,-0.006088
NA18740,CHB,-0.01035
NA18745,CHB,-0.006272
NA18747,CHB,-0.0001658
NA18748,CHB,0.001253
NA18749,CHB,-0.004553
NA18757,CHB,-0.01284
HG00403,CHS,-0.01314
HG00404,CHS,-0.0005352
HG00406,CHS,-0.009259
HG00407,CHS,-0.01019
HG00409,CHS,0.002362
HG00410,CHS,-0.01507
HG00419,CHS,-0.009675
HG00421,CHS,0.004412
HG00422,CHS,0.000135
HG00428,CHS,0.005825
HG00436,CHS,-0.005415
HG00437,CHS,-0.004797
HG00442,CHS,0.004794
HG00443,CHS,-0.004657
HG00445,CHS,-0.0118
HG00446,CHS,-0.01453
HG00448,CHS,-0.004115
HG00449,CHS,-0.002781
HG00451,CHS,0.001535
HG00452,CHS,-0.009598
HG00457,CHS,-0.002363
HG00458,CHS,-0.004621
HG00463,CHS,-0.002692
HG00464,CHS,0.003616
HG00472,CHS,-0.01098
HG00473,CHS,0.007673
HG00475,CHS,-0.00139
HG00476,CHS,0.003411
HG00478,CHS,-0.004808
HG00479,CHS,-0.003297
HG00500,CHS,-0.005453
HG00513,CHS,-0.0008281
HG00524,CHS,-0.02124
HG00525,CHS,0.01814
HG00530,CHS,-0.005142
HG00531,CHS,-0.007577
HG00533,CHS,0.0002285
HG00534,CHS,-0.005155
HG00536,CHS,-0.001156
HG00537,CHS,-0.003716
HG00542,CHS,0.003506
HG00543,CHS,-0.01503
HG00556,CHS,-0.007046
HG00557,CHS,-0.005464
HG00559,CHS,-0.004632
HG00560,CHS,-0.01167
HG00565,CHS,-0.006852
HG00566,CHS,0.003339
HG00580,CHS,0.002753
HG00581,CHS,0.0004847
HG00583,CHS,0.004576
HG00584,CHS,-0.01232
HG00589,CHS,0.000709
HG00590,CHS,-0.004201
HG00592,CHS,-0.008587
HG00593,CHS,-0.0021
HG00595,CHS,0.000384
HG00596,CHS,-0.002045
HG00598,CHS,-0.0006012
HG00599,CHS,-0.002685
HG00607,CHS,-0.00276
HG00608,CHS,0.002333
HG00610,CHS,-0.01085
HG00611,CHS,0.001314
HG00613,CHS,-0.01146
HG00614,CHS,-0.008658
HG00619,CHS,0.01241
HG00620,CHS,0.0002082
HG00622,CHS,0.001868
HG00623,CHS,0.004152
HG00625,CHS,-0.00965
HG00626,CHS,-0.004414
HG00628,CHS,-0.005883
HG00629,CHS,-0.001497
HG00631,CHS,-0.0006502
HG00632,CHS,0.001746
HG00634,CHS,-0.004095
HG00650,CHS,-0.002882
HG00651,CHS,0.004886
HG00653,CHS,-0.008644
HG00654,CHS,-0.004537
HG00656,CHS,-0.002106
HG00657,CHS,0.002019
HG00662,CHS,-0.001319
HG00663,CHS,-0.002284
HG00671,CHS,-0.006963
HG00672,CHS,0.005327
HG00674,CHS,-0.005512
HG00675,CHS,-0.009835
HG00683,CHS,-0.006524
HG00684,CHS,-0.0005181
HG00689,CHS,-0.005235
HG00690,CHS,-0.009439
HG00692,CHS,-0.001038
HG00693,CHS,-0.007137
HG00698,CHS,-0.002912
HG00699,CHS,0.000694
HG00701,CHS,-0.01368
HG00704,CHS,0.0009114
HG00705,CHS,-0.00691
HG00707,CHS,0.0005705
HG00708,CHS,-0.005634
HG00717,CHS,-0.000451
HG00728,CHS,-0.002229
HG00729,CHS,-0.008374
HG01112,CLM,0.04171
HG01113,CLM,0.0156
HG01119,CLM,0.01977
HG01121,CLM,-0.005233
HG01122,CLM,-0.01006
HG01124,CLM,-0.03191
HG01125,CLM,-0.006636
HG01130,CLM,-0.001946
HG01131,CLM,-0.001301
HG01133,CLM,0.01301
HG01134,CLM,-0.01367
HG01136,CLM,-0.01232
HG01137,CLM,0.02381
HG01139,CLM,-0.02126
HG01140,CLM,0.0122
HG01142,CLM,-0.02839
HG01148,CLM,0.07645
HG01149,CLM,-0.00545
HG01250,CLM,0.001062
HG01251,CLM,0.01348
HG01253,CLM,-0.0008833
HG01254,CLM,-0.03386
HG01256,CLM,0.01164
HG01257,CLM,0.0179
HG01259,CLM,0.02673
HG01260,CLM,-0.01549
HG01269,CLM,0.01054
HG01271,CLM,-0.01386
HG01272,CLM,-0.03688
HG01275,CLM,0.09647
HG01277,CLM,0.0326
HG01280,CLM,0.01008
HG01281,CLM,-0.0008392
HG01284,CLM,-0.005583
HG01341,CLM,0.02885
HG01342,CLM,-0.06694
HG01344,CLM,0.0375
HG01345,CLM,0.01121
HG01348,CLM,0.03837
HG01350,CLM,0.01995
HG01351,CLM,0.02508
HG01353,CLM,0.004757
HG01354,CLM,0.02908
HG01356,CLM,-0.002449
HG01357,CLM,0.01892
HG01359,CLM,0.001089
HG01360,CLM,0.001479
HG01362,CLM,-0.02678
HG01363,CLM,-0.01516
HG01365,CLM,-0.0191
HG01366,CLM,-0.01376
HG01369,CLM,0.02662
HG01372,CLM,0.01555
HG01374,CLM,0.02397
HG01375,CLM,-0.01452
HG01377,CLM,-0.01966
HG01378,CLM,0.03106
HG01383,CLM,0.03212
HG01384,CLM,0.009815
HG01389,CLM,0.07633
HG01390,CLM,-0.04349
HG01431,CLM,-0.01575
HG01432,CLM,0.03683
HG01435,CLM,0.01347
HG01437,CLM,0.03713
HG01438,CLM,0.06157
HG01440,CLM,-0.0215
HG01441,CLM,0.01791
HG01443,CLM,0.02947
HG01444,CLM,-0.008379
HG01447,CLM,-0.005117
HG01455,CLM,0.01108
HG01456,CLM,-0.0007981
HG01459,CLM,-0.001906
HG01461,CLM,-0.01885
HG01462,CLM,-0.04529
HG01464,CLM,-0.04039
HG01465,CLM,0.0323
HG01468,CLM,0.09332
HG01474,CLM,0.02571
HG01479,CLM,0.01606
HG01485,CLM,-0.06074
HG01486,CLM,0.007631
HG01488,CLM,-0.0159
HG01489,CLM,0.0187
HG01491,CLM,0.08248
HG01492,CLM,0.01184
HG01494,CLM,-0.002354
HG01495,CLM,-0.02473
HG01497,CLM,0.02632
HG01498,CLM,0.02462
HG01550,CLM,-0.002681
HG01551,CLM,-0.06943
HG01556,CLM,-0.04055
HGDP00703,Colombian,-0.2177
HGDP00704,Colombian,-0.08521
HGDP00708,Colombian,-0.0004219
HGDP00710,Colombian,0.003408
HGDP00970,Colombian,-0.09259
LP6005441-DNA_A04,Colombian,-0.0111
LP6005441-DNA_B04,Colombian,-0.08802
HGDP01309,Dai,-0.05947
HGDP01310,Dai,-0.05203
HGDP01311,Dai,-0.07539
HGDP01313,Dai,-0.05483
HGDP01316,Dai,-0.0521
LP6005441-DNA_D04,Dai,-0.04145
LP6005443-DNA_B01,Dai,-0.0568
LP6005592-DNA_D03,Dai,-0.06382
SS6004467,Dai,-0.06967
HGDP01213,Daur,-0.07707
HGDP01214,Daur,-0.09062
HGDP01216,Daur,-0.07916
HGDP01217,Daur,-0.06745
HGDP01218,Daur,-0.0858
HGDP01219,Daur,0.8353
HGDP01220,Daur,-0.08548
HGDP01221,Daur,-0.08075
HGDP01222,Daur,-0.07932
LP6005441-DNA_F04,Daur,-0.08152
HGDP00557,Druze,0.00847
HGDP00558,Druze,-0.002016
HGDP00559,Druze,0.02571
HGDP00560,Druze,-0.0181
HGDP00561,Druze,-0.01605
HGDP00562,Druze,-0.00146
HGDP00563,Druze,0.04863
HGDP00564,Druze,0.05567
HGDP00565,Druze,-0.002989
HGDP00566,Druze,-0.01695
HGDP00567,Druze,-0.01096
HGDP00568,Druze,0.06051
HGDP00571,Druze,0.06117
HGDP00572,Druze,-0.01403
HGDP00573,Druze,0.02325
HGDP00574,Druze,0.02148
HGDP00575,Druze,-0.007713
HGDP00576,Druze,-0.03582
HGDP00577,Druze,0.04766
HGDP00578,Druze,-0.02581
HGDP00579,Druze,0.02501
HGDP00580,Druze,-0.02648
HGDP00581,Druze,0.07721
HGDP00582,Druze,-0.01812
HGDP00583,Druze,0.02612
HGDP00584,Druze,-0.02187
HGDP00586,Druze,-0.02356
HGDP00587,Druze,0.01057
HGDP00588,Druze,0.05209
HGDP00590,Druze,0.1498
HGDP00591,Druze,0.01266
HGDP00594,Druze,-0.01678
HGDP00595,Druze,0.0569
HGDP00598,Druze,-0.02391
HGDP00599,Druze,6.542e-05
HGDP00600,Druze,-0.01165
HGDP00601,Druze,-0.01919
HGDP00602,Druze,-0.02403
HGDP00604,Druze,0.02071
HGDP00606,Druze,0.03716
LP6005441-DNA_G04,Druze,0.04628
LP6005443-DNA_D01,Druze,-0.01555
HG02922,ESN,-0.01194
HG02923,ESN,0.005578
HG02938,ESN,-0.003161
HG02941,ESN,-0.0133
HG02943,ESN,-0.0007262
HG02944,ESN,-0.002986
HG02946,ESN,-0.01113
HG02947,ESN,-0.01164
HG02952,ESN,-0.008663
HG02953,ESN,-0.002314
HG02968,ESN,-0.006427
HG02970,ESN,-0.01044
HG02971,ESN,-0.000888
HG02973,ESN,-0.005441
HG02974,ESN,-0.005855
HG02976,ESN,-0.005925
HG02977,ESN,-0.001255
HG02979,ESN,-0.003171
HG02981,ESN,-0.01169
HG03099,ESN,0.001567
HG03100,ESN,-0.004165
HG03103,ESN,0.002718
HG03105,ESN,0.003566
HG03108,ESN,-0.00351
HG03109,ESN,-0.008876
HG03111,ESN,-0.003227
HG03112,ESN,-0.004987
HG03114,ESN,0.0002974
HG03115,ESN,-0.001628
HG03117,ESN,-0.008206
HG03118,ESN,-0.0096
HG03120,ESN,-0.01078
HG03121,ESN,0.002089
HG03123,ESN,-0.009284
HG03124,ESN,-0.007476
HG03126,ESN,-0.008759
HG03127,ESN,-0.00574
HG03129,ESN,0.01604
HG03130,ESN,0.005734
HG03132,ESN,-0.001162
HG03133,ESN,-0.002878
HG03135,ESN,-0.004729
HG03136,ESN,-0.007516
HG03139,ESN,-0.0008236
HG03157,ESN,-0.01272
HG03159,ESN,-0.0006341
HG03160,ESN,-0.0108
HG03162,ESN,-0.0002265
HG03163,ESN,0.01437
HG03166,ESN,-0.00261
HG03168,ESN,-0.002372
HG03169,ESN,0.008466
HG03172,ESN,-0.007305
HG03175,ESN,-0.009447
HG03189,ESN,-0.0007415
HG03190,ESN,0.01258
HG03193,ESN,-0.01417
HG03195,ESN,-0.005983
HG03196,ESN,-0.006944
HG03198,ESN,-0.005527
HG03199,ESN,-0.007196
HG03202,ESN,-0.001435
HG03265,ESN,-0.003346
HG03267,ESN,-0.01201
HG03268,ESN,-0.00525
HG03270,ESN,-0.008349
HG03271,ESN,-0.003211
HG03279,ESN,-0.001751
HG03280,ESN,-0.004386
HG03291,ESN,-6.227e-05
HG03294,ESN,-0.008213
HG03295,ESN,0.0004342
HG03297,ESN,-0.001135
HG03298,ESN,-0.001194
HG03300,ESN,0.001548
HG03301,ESN,-0.01217
HG03303,ESN,-0.006509
HG03304,ESN,-0.008149
HG03311,ESN,0.003231
HG03313,ESN,-0.0004881
HG03342,ESN,-0.007865
HG03343,ESN,-0.003284
HG03351,ESN,-0.005413
HG03352,ESN,-0.003104
HG03354,ESN,-0.004851
HG03363,ESN,0.000182
HG03366,ESN,-0.006485
HG03367,ESN,0.002719
HG03369,ESN,-0.008738
HG03370,ESN,-0.00502
HG03372,ESN,-0.002201
HG03499,ESN,0.002074
HG03511,ESN,-0.005446
HG03514,ESN,-0.01132
HG03515,ESN,-0.001799
HG03517,ESN,-0.005355
HG03518,ESN,-0.005613
HG03520,ESN,-0.007898
HG03521,ESN,-0.005507
HG00171,FIN,-0.006349
HG00173,FIN,-0.01074
HG00174,FIN,-0.01776
HG00176,FIN,-0.00665
HG00177,FIN,-0.002591
HG00178,FIN,0.0007223
HG00179,FIN,-0.009884
HG00180,FIN,-0.01018
HG00181,FIN,-0.02258
HG00182,FIN,-0.01437
HG00183,FIN,-0.007567
HG00185,FIN,-0.00881
HG00186,FIN,0.004752
HG00187,FIN,-0.007857
HG00188,FIN,-0.009411
HG00189,FIN,-0.009535
HG00190,FIN,-0.008557
HG00266,FIN,-0.008806
HG00267,FIN,-0.01172
HG00268,FIN,-0.007312
HG00269,FIN,-0.004535
HG00271,FIN,-0.0008828
HG00272,FIN,-0.006
HG00273,FIN,-0.0007768
HG00274,FIN,-0.007452
HG00275,FIN,-0.01164
HG00276,FIN,-0.004423
HG00277,FIN,0.004109
HG00278,FIN,-0.01183
HG00280,FIN,-0.002621
HG00281,FIN,-0.007439
HG00282,FIN,-0.01052
HG00284,FIN,-0.001142
HG00285,FIN,0.01334
HG00288,FIN,-0.00499
HG00290,FIN,0.00378
HG00304,FIN,-0.006853
HG00306,FIN,-0.002796
HG00308,FIN,-0.009759
HG00309,FIN,-0.008731
HG00310,FIN,-0.004442
HG00311,FIN,-0.003855
HG00313,FIN,-0.002188
HG00315,FIN,-0.001536
HG00318,FIN,-0.01017
HG00319,FIN,-0.01101
HG00320,FIN,0.007095
HG00321,FIN,-0.008832
HG00323,FIN,0.007698
HG00324,FIN,0.02123
HG00325,FIN,0.009748
HG00326,FIN,0.001953
HG00327,FIN,-0.001459
HG00328,FIN,0.005527
HG00329,FIN,-0.0111
HG00330,FIN,-0.007301
HG00331,FIN,-0.005572
HG00332,FIN,-0.008716
HG00334,FIN,-0.006481
HG00335,FIN,-0.01029
HG00336,FIN,-0.0117
HG00337,FIN,-0.005366
HG00338,FIN,-0.003726
HG00339,FIN,-0.007126
HG00341,FIN,-0.005991
HG00342,FIN,0.004394
HG00343,FIN,-0.01017
HG00344,FIN,-0.007423
HG00345,FIN,-0.008294
HG00346,FIN,0.01294
HG00349,FIN,-0.007497
HG00350,FIN,-0.01507
HG00351,FIN,0.003976
HG00353,FIN,-0.007979
HG00355,FIN,-0.00453
HG00356,FIN,-0.006857
HG00357,FIN,-0.001586
HG00358,FIN,0.01038
HG00360,FIN,-0.003913
HG00361,FIN,-0.001026
HG00362,FIN,-0.00651
HG00364,FIN,-0.01039
HG00365,FIN,-0.01288
HG00366,FIN,-0.007654
HG00367,FIN,-0.01645
HG00368,FIN,-0.007919
HG00369,FIN,0.0006461
HG00371,FIN,0.00459
HG00372,FIN,-0.004422
HG00373,FIN,0.009374
HG00375,FIN,0.0009519
HG00376,FIN,-0.002263
HG00378,FIN,0.006252
HG00379,FIN,0.0007567
HG00380,FIN,-0.01288
HG00381,FIN,0.007705
HG00382,FIN,-0.01048
HG00383,FIN,0.003537
HG00384,FIN,0.003289
HGDP00511,French,-0.01722
HGDP00512,French,-0.01438
HGDP00513,French,-0.02379
HGDP00514,French,-0.01266
HGDP00515,French,-0.02022
HGDP00516,French,-0.02469
HGDP00517,French,-0.02553
HGDP00518,French,-0.01862
HGDP00519,French,-0.02689
HGDP00520,French,-0.0251
HGDP00522,French,-0.01635
HGDP00523,French,-0.02017
HGDP00524,French,-0.02186
HGDP00525,French,-0.0244
HGDP00527,French,-0.02283
HGDP00528,French,-0.01716
HGDP00529,French,-0.0157
HGDP00531,French,-0.008088
HGDP00534,French,-0.00629
HGDP00535,French,-0.02047
HGDP00536,French,0.02732
HGDP00537,French,-0.01569
HGDP00538,French,-0.02298
HGDP00539,French,-0.02056
LP6005441-DNA_A05,French,0.02217
LP6005441-DNA_B05,French,-0.01855
SS6004468,French,-0.01784
HG00096,GBR,-0.003291
HG00097,GBR,-0.003309
HG00099,GBR,-0.005019
HG00100,GBR,-0.001216
HG00101,GBR,-0.00947
HG00102,GBR,0.004851
HG00103,GBR,0.001289
HG00105,GBR,-0.00168
HG00106,GBR,-0.001646
HG00107,GBR,0.0005153
HG00108,GBR,-0.004679
HG00109,GBR,-0.01329
HG00110,GBR,0.02954
HG00111,GBR,0.005733
HG00112,GBR,0.004647
HG00113,GBR,0.0003792
HG00114,GBR,0.003446
HG00115,GBR,-0.01252
HG00116,GBR,0.003444
HG00117,GBR,0.03368
HG00118,GBR,-0.004972
HG00119,GBR,0.001045
HG00120,GBR,-0.00638
HG00121,GBR,0.002886
HG00122,GBR,-0.006456
HG00123,GBR,-0.008289
HG00125,GBR,-0.002852
HG00126,GBR,4.825e-05
HG00127,GBR,0.002719
HG00128,GBR,0.003153
HG00129,GBR,-0.007969
HG00130,GBR,-0.01154
HG00131,GBR,-0.007763
HG00132,GBR,0.004353
HG00133,GBR,-0.0135
HG00136,GBR,-0.005789
HG00137,GBR,-0.001743
HG00138,GBR,-0.006253
HG00139,GBR,-0.006479
HG00140,GBR,-0.003517
HG00141,GBR,-0.003377
HG00142,GBR,-0.002037
HG00143,GBR,-0.01429
HG00145,GBR,-0.003533
HG00146,GBR,-0.009021
HG00148,GBR,-0.01215
HG00149,GBR,-0.008638
HG00150,GBR,-0.006792
HG00151,GBR,0.001691
HG00154,GBR,0.004042
HG00155,GBR,-0.004044
HG00157,GBR,-0.0107
HG00158,GBR,-0.01551
HG00159,GBR,-0.002662
HG00160,GBR,0.004888
HG00231,GBR,-0.0117
HG00232,GBR,-0.003887
HG00233,GBR,-0.007773
HG00234,GBR,-0.007328
HG00235,GBR,0.0008995
HG00236,GBR,0.01937
HG00237,GBR,-0.005249
HG00238,GBR,-0.004234
HG00239,GBR,-0.00194
HG00240,GBR,-0.008054
HG00242,GBR,-0.01071
HG00243,GBR,-0.005471
HG00244,GBR,-0.01026
HG00245,GBR,-0.01189
HG00246,GBR,-0.01361
HG00250,GBR,0.004293
HG00251,GBR,-0.0122
HG00252,GBR,0.003379
HG00253,GBR,-0.01238
HG00254,GBR,-0.00378
HG00255,GBR,0.002756
HG00256,GBR,0.005687
HG00257,GBR,-0.0129
HG00258,GBR,-0.01264
HG00259,GBR,-0.0147
HG00260,GBR,0.002976
HG00261,GBR,-0.0059
HG00262,GBR,-0.00654
HG00263,GBR,0.0001767
HG00264,GBR,-0.00343
HG00265,GBR,-0.0004968
HG01334,GBR,-0.006556
HG01789,GBR,-0.002436
HG01790,GBR,-0.001073
HG01791,GBR,-0.01131
HG02215,GBR,-0.002749
NA20845,GIH,-0.01351
NA20846,GIH,0.0103
NA20847,GIH,-0.001972
NA20849,GIH,0.001937
NA20850,GIH,0.004194
NA20851,GIH,-0.002897
NA20852,GIH,0.00297
NA20853,GIH,-0.001002
NA20854,GIH,-0.01449
NA20856,GIH,-0.005396
NA20858,GIH,-0.006954
NA20859,GIH,0.006494
NA20861,GIH,0.008929
NA20862,GIH,-0.0006549
NA20863,GIH,0.001425
NA20864,GIH,-0.004246
NA20866,GIH,-0.001829
NA20867,GIH,0.002915
NA20868,GIH,0.00168
NA20869,GIH,0.002426
NA20870,GIH,-0.004614
NA20872,GIH,0.01613
NA20874,GIH,-0.0222
NA20875,GIH,0.004956
NA20876,GIH,-0.005428
NA20877,GIH,0.01198
NA20878,GIH,0.004208
NA20881,GIH,-0.007302
NA20882,GIH,-0.005051
NA20884,GIH,0.002805
NA20885,GIH,0.002235
NA20886,GIH,0.04709
NA20887,GIH,-0.0009916
NA20888,GIH,0.01083
NA20889,GIH,-0.006144
NA20890,GIH,0.004777
NA20891,GIH,-0.0005965
NA20892,GIH,0.01623
NA20894,GIH,0.005666
NA20895,GIH,0.001176
NA20896,GIH,-0.001407
NA20897,GIH,0.006052
NA20899,GIH,0.01049
NA20900,GIH,-0.00162
NA20901,GIH,-0.007085
NA20902,GIH,0.004496
NA20903,GIH,0.004198
NA20904,GIH,-0.01262
NA20905,GIH,-0.002764
NA20906,GIH,-0.006875
NA20908,GIH,-0.001723
NA20910,GIH,0.007625
NA20911,GIH,-0.004197
NA21086,GIH,-0.007741
NA21087,GIH,-0.0009608
NA21088,GIH,0.007274
NA21089,GIH,0.01227
NA21090,GIH,-0.007718
NA21091,GIH,0.001508
NA21092,GIH,-0.0003429
NA21093,GIH,0.008382
NA21094,GIH,0.00943
NA21095,GIH,0.04027
NA21097,GIH,0.01266
NA21098,GIH,-0.002615
NA21099,GIH,0.006418
NA21100,GIH,0.001979
NA21101,GIH,-0.01012
NA21102,GIH,0.002586
NA21103,GIH,-0.0008588
NA21104,GIH,0.009879
NA21105,GIH,-0.00529
NA21106,GIH,0.006988
NA21107,GIH,0.002079
NA21108,GIH,0.02182
NA21109,GIH,0.007606
NA21110,GIH,0.0004236
NA21111,GIH,-0.0001423
NA21112,GIH,-0.01214
NA21113,GIH,0.005944
NA21114,GIH,-0.004975
NA21115,GIH,-0.001742
NA21116,GIH,-0.004413
NA21117,GIH,0.004922
NA21118,GIH,0.003661
NA21119,GIH,0.002319
NA21120,GIH,-0.01021
NA21122,GIH,0.001501
NA21123,GIH,-0.00707
NA21124,GIH,0.001239
NA21125,GIH,0.008861
NA21126,GIH,-0.00509
NA21127,GIH,-0.003645
NA21128,GIH,-0.0005925
NA21129,GIH,0.01196
NA21130,GIH,0.007483
NA21133,GIH,-0.0009349
NA21135,GIH,0.001437
NA21137,GIH,0.001858
NA21141,GIH,0.01382
NA21142,GIH,0.003688
NA21143,GIH,0.003593
NA21144,GIH,0.01167
HG02461,GWD,-0.00292
HG02462,GWD,-0.01423
HG02464,GWD,0.004709
HG02465,GWD,0.005294
HG02561,GWD,-0.009438
HG02562,GWD,-0.006502
HG02568,GWD,-0.005937
HG02570,GWD,-0.006103
HG02571,GWD,-0.004245
HG02573,GWD,-0.009494
HG02574,GWD,-0.0229
HG02582,GWD,-0.0002133
HG02583,GWD,0.01022
HG02585,GWD,-0.005588
HG02586,GWD,0.007198
HG02588,GWD,-0.007474
HG02589,GWD,-0.01034
HG02594,GWD,-0.008685
HG02595,GWD,0.005779
HG02610,GWD,-0.009643
HG02611,GWD,0.01516
HG02613,GWD,-0.01134
HG02614,GWD,-0.01395
HG02620,GWD,-0.004127
HG02621,GWD,-0.003564
HG02623,GWD,0.009641
HG02624,GWD,-0.001966
HG02628,GWD,-0.002039
HG02629,GWD,-0.005719
HG02634,GWD,-0.004713
HG02635,GWD,-0.009084
HG02642,GWD,0.004423
HG02643,GWD,-0.009346
HG02645,GWD,0.001548
HG02646,GWD,-0.008106
HG02666,GWD,-0.005556
HG02667,GWD,0.04325
HG02675,GWD,-0.00282
HG02676,GWD,-0.009033
HG02678,GWD,0.04033
HG02679,GWD,-0.003989
HG02702,GWD,-0.006756
HG02703,GWD,0.009142
HG02715,GWD,-0.00608
HG02716,GWD,-0.002128
HG02721,GWD,-0.007074
HG02722,GWD,-0.004954
HG02756,GWD,-0.001979
HG02757,GWD,-0.005881
HG02759,GWD,0.05035
HG02760,GWD,-0.003679
HG02763,GWD,0.0417
HG02768,GWD,6.207e-05
HG02769,GWD,0.007713
HG02771,GWD,0.003107
HG02772,GWD,0.001548
HG02798,GWD,0.003132
HG02799,GWD,-0.008345
HG02804,GWD,-0.008292
HG02805,GWD,0.06973
HG02807,GWD,-0.01208
HG02808,GWD,0.02187
HG02810,GWD,0.04484
HG02811,GWD,7.127e-05
HG02813,GWD,0.001325
HG02814,GWD,-0.005547
HG02816,GWD,0.001164
HG02817,GWD,-0.003141
HG02819,GWD,0.007528
HG02820,GWD,-0.005531
HG02836,GWD,-0.005027
HG02837,GWD,0.0501
HG02839,GWD,-0.007686
HG02840,GWD,-0.00946
HG02851,GWD,-0.01525
HG02852,GWD,-0.002011
HG02854,GWD,-0.003533
HG02855,GWD,-0.002001
HG02860,GWD,-0.006396
HG02861,GWD,0.001746
HG02870,GWD,-0.006484
HG02878,GWD,-0.008138
HG02879,GWD,0.001368
HG02881,GWD,0.04363
HG02882,GWD,-0.003338
HG02884,GWD,-0.005451
HG02885,GWD,-0.01106
HG02887,GWD,0.001337
HG02888,GWD,-0.00683
HG02890,GWD,-0.009156
HG02891,GWD,-0.01001
HG02895,GWD,0.003212
HG02896,GWD,0.01389
HG02982,GWD,-0.01072
HG02983,GWD,-0.0006617
HG03024,GWD,0.007043
HG03025,GWD,-0.00448
HG03027,GWD,0.006455
HG03028,GWD,-0.005001
HG03039,GWD,-0.001615
HG03040,GWD,-0.006534
HG03045,GWD,-0.007245
HG03046,GWD,-0.006086
HG03048,GWD,-0.002604
HG03049,GWD,-0.002251
HG03240,GWD,-0.00128
HG03241,GWD,-0.00181
HG03246,GWD,-0.01189
HG03247,GWD,-0.002328
HG03258,GWD,-0.002895
HG03259,GWD,0.1116
HG03538,GWD,0.004932
HG03539,GWD,-0.00976
HGDP00774,Han,-0.001575
HGDP00776,Han,-0.009338
HGDP00777,Han,-0.01387
HGDP00779,Han,-0.003328
HGDP00780,Han,-0.01693
HGDP00781,Han,-0.01199
HGDP00782,Han,-0.01178
HGDP00784,Han,-0.01466
HGDP00786,Han,-0.01005
HGDP00811,Han,-0.009374
HGDP00812,Han,-0.009254
HGDP00813,Han,-0.003087
HGDP00814,Han,-0.02067
HGDP00815,Han,-0.01675
HGDP00817,Han,-0.01027
HGDP00818,Han,-0.003977
HGDP00819,Han,-0.005356
HGDP00820,Han,-0.01324
HGDP00821,Han,-0.01307
HGDP00822,Han,-0.01575
HGDP00971,Han,-0.003278
HGDP00972,Han,0.002155
HGDP00973,Han,-0.006464
HGDP00974,Han,-0.01154
HGDP00975,Han,-0.01226
HGDP00976,Han,-0.01489
HGDP00977,Han,-0.005048
HGDP01021,Han,-0.005143
HGDP01023,Han,-0.0141
HGDP01024,Han,-0.006748
HGDP01287,Han,-0.02385
HGDP01288,Han,-0.01839
HGDP01289,Han,-0.01889
HGDP01290,Han,-0.02739
HGDP01291,Han,-0.01141
HGDP01292,Han,-0.00945
HGDP01293,Han,-0.02655
HGDP01294,Han,-0.02655
HGDP01295,Han,-0.01744
HGDP01296,Han,-0.02269
LP6005441-DNA_C05,Han,-0.007248
LP6005441-DNA_D05,Han,-0.006035
SS6004469,Han,-0.009026
HGDP00099,Hazara,-0.01937
HGDP00100,Hazara,-0.04202
HGDP00102,Hazara,-0.0365
HGDP00103,Hazara,-0.02365
HGDP00104,Hazara,-0.03883
HGDP00105,Hazara,0.02644
HGDP00106,Hazara,-0.02892
HGDP00108,Hazara,0.002675
HGDP00109,Hazara,0.001497
HGDP00110,Hazara,-0.02315
HGDP00115,Hazara,-0.02372
HGDP00118,Hazara,-0.02851
HGDP00119,Hazara,-0.03667
HGDP00120,Hazara,-0.0173
HGDP00121,Hazara,-0.01173
HGDP00122,Hazara,0.000198
HGDP00127,Hazara,-0.006813
HGDP00129,Hazara,-0.04448
LP6005441-DNA_E05,Hazara,0.0006863
LP6005441-DNA_F05,Hazara,-0.02317
HGDP01233,Hezhen,-0.07116
HGDP01234,Hezhen,-0.03742
HGDP01236,Hezhen,-0.06419
HGDP01237,Hezhen,-0.06051
HGDP01238,Hezhen,-0.07625
HGDP01239,Hezhen,-0.07456
HGDP01241,Hezhen,-0.06032
LP6005441-DNA_G05,Hezhen,-0.04647
LP6005441-DNA_H05,Hezhen,-0.05615
HG01500,IBS,-0.01715
HG01501,IBS,-0.002122
HG01503,IBS,0.001598
HG01504,IBS,0.001013
HG01506,IBS,0.0003925
HG01507,IBS,0.0006151
HG01509,IBS,-0.00891
HG01510,IBS,-0.007634
HG01512,IBS,0.009366
HG01513,IBS,0.003878
HG01515,IBS,0.01536
HG01516,IBS,0.02101
HG01518,IBS,0.01518
HG01519,IBS,0.01161
HG01521,IBS,0.01259
HG01522,IBS,0.02273
HG01524,IBS,-0.00696
HG01525,IBS,-0.008433
HG01527,IBS,-0.01699
HG01528,IBS,0.003204
HG01530,IBS,-0.007425
HG01531,IBS,0.0146
HG01536,IBS,-0.003295
HG01537,IBS,-0.006892
HG01602,IBS,0.002307
HG01603,IBS,-0.008
HG01605,IBS,0.003295
HG01606,IBS,0.008717
HG01607,IBS,-0.003198
HG01608,IBS,0.003292
HG01610,IBS,0.01499
HG01612,IBS,-0.004798
HG01613,IBS,0.003584
HG01615,IBS,0.006852
HG01617,IBS,0.002335
HG01618,IBS,-0.004108
HG01619,IBS,-0.01204
HG01620,IBS,-0.00258
HG01623,IBS,-0.01329
HG01624,IBS,-0.006706
HG01625,IBS,-0.007113
HG01626,IBS,-0.01159
HG01628,IBS,-0.004373
HG01630,IBS,-0.01383
HG01631,IBS,-0.007566
HG01632,IBS,0.005572
HG01668,IBS,-0.01204
HG01669,IBS,-0.007491
HG01670,IBS,0.00746
HG01672,IBS,0.007537
HG01673,IBS,0.009787
HG01675,IBS,0.0005753
HG01676,IBS,0.003981
HG01678,IBS,-0.003342
HG01679,IBS,0.0374
HG01680,IBS,0.006063
HG01682,IBS,-0.004112
HG01684,IBS,0.001318
HG01685,IBS,-0.02298
HG01686,IBS,-0.006302
HG01694,IBS,0.01101
HG01695,IBS,-0.007212
HG01697,IBS,-0.002657
HG01699,IBS,-0.005633
HG01700,IBS,0.02721
HG01702,IBS,0.01723
HG01704,IBS,-0.01439
HG01705,IBS,-0.01004
HG01707,IBS,-0.009937
HG01708,IBS,-0.01808
HG01709,IBS,-0.01289
HG01710,IBS,-0.01095
HG01746,IBS,0.001742
HG01747,IBS,0.00358
HG01756,IBS,-0.00195
HG01757,IBS,2.669e-05
HG01761,IBS,-0.006992
HG01762,IBS,0.01856
HG01765,IBS,0.007874
HG01766,IBS,-0.006604
HG01767,IBS,-0.004495
HG01768,IBS,-0.01045
HG01770,IBS,0.001058
HG01771,IBS,0.004541
HG01773,IBS,-0.004137
HG01775,IBS,0.004788
HG01776,IBS,0.004565
HG01777,IBS,-0.008148
HG01779,IBS,0.001196
HG01781,IBS,-0.00383
HG01783,IBS,-0.004756
HG01784,IBS,-0.004342
HG01785,IBS,0.006709
HG01786,IBS,0.001718
HG02219,IBS,0.0028
HG02220,IBS,-0.009017
HG02221,IBS,0.002778
HG02223,IBS,-0.009661
HG02224,IBS,0.004288
HG02230,IBS,-0.003941
HG02231,IBS,-0.0004878
HG02232,IBS,0.002646
HG02233,IBS,-0.01233
HG02235,IBS,-0.004498
HG02236,IBS,-0.002343
HG02238,IBS,0.0001708
HG02239,IBS,-0.009714
HGDP01149,Italian,0.03363
HGDP01151,Italian,-0.0437
HGDP01152,Italian,-0.04361
HGDP01155,Italian,-0.05397
HGDP01156,Italian,-0.04285
HGDP01157,Italian,-0.03766
HGDP01171,Italian,-0.03183
HGDP01173,Italian,-0.05096
HGDP01174,Italian,-0.01954
HGDP01177,Italian,-0.04065
LP6005441-DNA_A06,Italian,-0.04398
LP6005441-DNA_B06,Italian,-0.04194
HG03713,ITU,-0.0009893
HG03714,ITU,-0.009085
HG03716,ITU,-0.001075
HG03717,ITU,0.02425
HG03718,ITU,0.01816
HG03720,ITU,0.01114
HG03722,ITU,0.04703
HG03727,ITU,0.004055
HG03729,ITU,-0.001063
HG03730,ITU,0.003627
HG03731,ITU,0.001298
HG03742,ITU,-0.007308
HG03770,ITU,0.02487
HG03771,ITU,-0.003621
HG03772,ITU,0.03013
HG03773,ITU,0.03532
HG03774,ITU,0.01524
HG03775,ITU,0.01586
HG03777,ITU,0.003787
HG03778,ITU,-0.007204
HG03779,ITU,-0.009948
HG03780,ITU,-0.004901
HG03781,ITU,-0.005458
HG03782,ITU,-0.01017
HG03784,ITU,0.03345
HG03785,ITU,0.02912
HG03786,ITU,0.036
HG03787,ITU,-0.01048
HG03788,ITU,0.01622
HG03789,ITU,-0.005589
HG03790,ITU,0.006226
HG03792,ITU,0.02629
HG03861,ITU,0.02803
HG03862,ITU,0.111
HG03863,ITU,0.01528
HG03864,ITU,0.008063
HG03866,ITU,-0.004763
HG03867,ITU,0.04434
HG03868,ITU,0.004206
HG03869,ITU,-0.004298
HG03870,ITU,-0.007372
HG03871,ITU,0.003694
HG03872,ITU,0.005011
HG03873,ITU,-0.0003413
HG03874,ITU,-0.00281
HG03875,ITU,0.05527
HG03882,ITU,-0.0007882
HG03960,ITU,-0.000925
HG03963,ITU,-0.01157
HG03965,ITU,-0.004069
HG03967,ITU,0.03275
HG03968,ITU,0.0005919
HG03969,ITU,-0.005642
HG03971,ITU,-0.006103
HG03973,ITU,0.001955
HG03974,ITU,-0.0003829
HG03976,ITU,-0.00565
HG03977,ITU,0.0001402
HG03978,ITU,-0.008005
HG04001,ITU,-0.004858
HG04002,ITU,-0.008689
HG04014,ITU,-0.004794
HG04015,ITU,-0.003044
HG04017,ITU,0.02566
HG04018,ITU,0.01289
HG04019,ITU,-0.006672
HG04020,ITU,0.01333
HG04022,ITU,-0.001525
HG04023,ITU,0.04674
HG04025,ITU,0.04127
HG04026,ITU,0.04501
HG04054,ITU,0.02476
HG04056,ITU,0.1082
HG04059,ITU,-0.001789
HG04060,ITU,-0.003781
HG04061,ITU,-0.001659
HG04062,ITU,-0.00262
HG04063,ITU,0.01767
HG04070,ITU,0.1771
HG04076,ITU,-0.005597
HG04080,ITU,-0.007004
HG04090,ITU,0.01836
HG04093,ITU,0.01155
HG04094,ITU,-0.0007433
HG04096,ITU,0.06985
HG04098,ITU,-0.004935
HG04118,ITU,-0.006879
HG04198,ITU,-0.005465
HG04200,ITU,0.004696
HG04202,ITU,0.0101
HG04206,ITU,0.004113
HG04209,ITU,0.04945
HG04211,ITU,0.1557
HG04212,ITU,0.02705
HG04214,ITU,-0.001901
HG04216,ITU,-0.003882
HG04219,ITU,-0.01233
HG04222,ITU,-0.008177
HG04225,ITU,0.002638
HG04235,ITU,-0.004685
HG04238,ITU,-0.006337
HG04239,ITU,-0.00762
HGDP00747,Japanese,-0.02328
HGDP00748,Japanese,-0.01874
HGDP00750,Japanese,-0.01564
HGDP00751,Japanese,-0.02518
HGDP00752,Japanese,-0.02413
HGDP00753,Japanese,-0.01534
HGDP00754,Japanese,-0.02637
HGDP00755,Japanese,-0.01935
HGDP00756,Japanese,-0.01913
HGDP00757,Japanese,-0.0207
HGDP00758,Japanese,-0.01794
HGDP00759,Japanese,-0.008494
HGDP00760,Japanese,-0.02843
HGDP00761,Japanese,-0.02515
HGDP00762,Japanese,-0.01698
HGDP00763,Japanese,-0.009031
HGDP00764,Japanese,-0.01664
HGDP00765,Japanese,0.02063
HGDP00766,Japanese,-0.007551
HGDP00767,Japanese,-0.008254
HGDP00768,Japanese,-0.03527
HGDP00769,Japanese,-0.01436
HGDP00771,Japanese,-0.01355
HGDP00772,Japanese,0.01068
HGDP00790,Japanese,-0.01927
HGDP00791,Japanese,-0.01759
HGDP00828,Japanese,-0.01506
LP6005441-DNA_C06,Japanese,-0.0147
LP6005441-DNA_D06,Japanese,-0.02424
NA18939,JPT,0.002201
NA18940,JPT,-0.01482
NA18941,JPT,-0.002834
NA18942,JPT,-0.006448
NA18943,JPT,-0.007272
NA18944,JPT,0.005547
NA18945,JPT,0.001969
NA18946,JPT,-0.006475
NA18947,JPT,-0.005664
NA18948,JPT,-0.003678
NA18949,JPT,-0.004531
NA18950,JPT,0.004561
NA18951,JPT,-0.006639
NA18952,JPT,-0.003793
NA18953,JPT,0.003791
NA18954,JPT,-0.01514
NA18956,JPT,-0.01427
NA18957,JPT,-0.005863
NA18959,JPT,-0.005183
NA18960,JPT,-0.007405
NA18961,JPT,-0.002102
NA18962,JPT,-0.01371
NA18963,JPT,-0.002919
NA18964,JPT,-0.006221
NA18965,JPT,-0.007394
NA18966,JPT,-0.00913
NA18967,JPT,0.00165
NA18968,JPT,0.002197
NA18969,JPT,-0.002018
NA18970,JPT,-0.001806
NA18971,JPT,-0.00365
NA18972,JPT,-0.008592
NA18973,JPT,-0.002669
NA18974,JPT,-0.004184
NA18975,JPT,-0.005448
NA18976,JPT,-0.01043
NA18977,JPT,-0.01292
NA18978,JPT,-0.002319
NA18979,JPT,-0.009244
NA18980,JPT,-0.003782
NA18981,JPT,-0.01246
NA18982,JPT,-0.01473
NA18983,JPT,-0.005571
NA18984,JPT,0.02266
NA18985,JPT,-0.003958
NA18986,JPT,-0.01337
NA18987,JPT,0.04558
NA18988,JPT,-0.006377
NA18989,JPT,-0.00358
NA18990,JPT,-0.007246
NA18991,JPT,-0.0038
NA18992,JPT,0.04413
NA18993,JPT,-0.008
NA18994,JPT,-0.006337
NA18995,JPT,0.00693
NA18997,JPT,-0.004249
NA18998,JPT,-0.012
NA18999,JPT,-0.005607
NA19000,JPT,-0.006844
NA19001,JPT,-0.007809
NA19002,JPT,-0.008413
NA19003,JPT,-0.003422
NA19004,JPT,-0.004694
NA19005,JPT,-0.0128
NA19006,JPT,0.0009804
NA19007,JPT,-0.006742
NA19009,JPT,-0.002723
NA19010,JPT,-0.00172
NA19011,JPT,-0.008369
NA19012,JPT,0.07793
NA19054,JPT,-0.007304
NA19055,JPT,-0.00237
NA19056,JPT,-0.007319
NA19057,JPT,-0.003236
NA19058,JPT,-0.01489
NA19059,JPT,-0.004807
NA19060,JPT,-0.0002617
NA19062,JPT,-0.005578
NA19063,JPT,-0.007017
NA19064,JPT,-0.008545
NA19065,JPT,0.003659
NA19066,JPT,-0.008987
NA19067,JPT,-0.006358
NA19068,JPT,-0.001981
NA19070,JPT,0.0004988
NA19072,JPT,-0.001613
NA19074,JPT,-0.003538
NA19075,JPT,-0.004979
NA19076,JPT,-0.00227
NA19077,JPT,-0.001819
NA19078,JPT,0.003386
NA19079,JPT,-0.003394
NA19080,JPT,-0.0006805
NA19081,JPT,-0.003542
NA19082,JPT,0.001498
NA19083,JPT,-0.003468
NA19084,JPT,-0.00178
NA19085,JPT,-0.005905
NA19086,JPT,-0.007019
NA19087,JPT,2.424e-05
NA19088,JPT,-0.006477
NA19089,JPT,0.0008446
NA19090,JPT,-0.002624
NA19091,JPT,0.00232
HGDP00274,Kalash,-0.002298
HGDP00277,Kalash,-0.03206
HGDP00279,Kalash,-0.07943
HGDP00281,Kalash,-0.05048
HGDP00285,Kalash,-0.01332
HGDP00288,Kalash,-0.003035
HGDP00290,Kalash,-0.03874
HGDP00298,Kalash,-0.03318
HGDP00302,Kalash,-0.01306
HGDP00304,Kalash,-0.01788
HGDP00307,Kalash,-0.04768
HGDP00309,Kalash,0.01429
HGDP00311,Kalash,-0.02712
HGDP00313,Kalash,-0.02665
HGDP00315,Kalash,-0.04531
HGDP00319,Kalash,-0.01377
HGDP00321,Kalash,-0.01308
HGDP00323,Kalash,-0.02203
HGDP00326,Kalash,0.004537
HGDP00330,Kalash,-0.007105
HGDP00333,Kalash,-0.02571
LP6005441-DNA_E06,Kalash,0.01531
LP6005441-DNA_F06,Kalash,-0.01933
HGDP00995,Karitiana,-0.09415
HGDP00999,Karitiana,-0.07141
HGDP01001,Karitiana,-0.1159
HGDP01006,Karitiana,-0.06648
HGDP01009,Karitiana,-0.01068
HGDP01010,Karitiana,-0.1334
HGDP01013,Karitiana,-0.08649
HGDP01014,Karitiana,-0.03112
HGDP01019,Karitiana,0.04568
LP6005441-DNA_G06,Karitiana,-0.02379
LP6005441-DNA_H06,Karitiana,-0.04057
SS6004476,Karitiana,-0.06935
HG01595,KHV,-0.001548
HG01596,KHV,0.005457
HG01597,KHV,-0.003487
HG01598,KHV,-0.004056
HG01599,KHV,-0.001983
HG01600,KHV,-0.002031
HG01840,KHV,-0.0109
HG01841,KHV,-0.006999
HG01842,KHV,-0.007769
HG01843,KHV,-0.005292
HG01844,KHV,-0.01218
HG01845,KHV,-0.003602
HG01846,KHV,-0.002522
HG01847,KHV,0.000586
HG01848,KHV,-0.0019
HG01849,KHV,-0.005701
HG01850,KHV,-0.004278
HG01851,KHV,0.004114
HG01852,KHV,-0.008652
HG01853,KHV,-0.005187
HG01855,KHV,-0.001268
HG01857,KHV,-0.004788
HG01858,KHV,0.004113
HG01859,KHV,0.008123
HG01860,KHV,-0.002531
HG01861,KHV,0.0007659
HG01862,KHV,-0.003162
HG01863,KHV,0.0009428
HG01864,KHV,-0.004107
HG01865,KHV,-0.003403
HG01866,KHV,-0.0001578
HG01867,KHV,0.006161
HG01868,KHV,0.00692
HG01869,KHV,-0.001654
HG01870,KHV,0.005396
HG01871,KHV,0.0008383
HG01872,KHV,-0.003743
HG01873,KHV,0.008546
HG01874,KHV,-0.003733
HG01878,KHV,-0.003481
HG02016,KHV,-0.02457
HG02017,KHV,-0.004235
HG02019,KHV,0.0008927
HG02020,KHV,-7.116e-05
HG02023,KHV,-0.00844
HG02025,KHV,-0.001217
HG02026,KHV,0.006174
HG02028,KHV,-0.007541
HG02029,KHV,-0.002445
HG02031,KHV,-0.007767
HG02032,KHV,-0.002029
HG02035,KHV,-0.01196
HG02040,KHV,-0.006244
HG02047,KHV,-0.009015
HG02048,KHV,-0.001048
HG02049,KHV,-0.01046
HG02050,KHV,-0.004719
HG02057,KHV,-0.01179
HG02058,KHV,-0.01781
HG02060,KHV,-0.002423
HG02061,KHV,-0.002503
HG02064,KHV,-0.01059
HG02067,KHV,-0.005587
HG02069,KHV,-0.009701
HG02070,KHV,-0.0001012
HG02072,KHV,-0.003835
HG02073,KHV,0.006642
HG02075,KHV,-0.01709
HG02076,KHV,-0.002586
HG02078,KHV,0.01497
HG02079,KHV,-0.005825
HG02081,KHV,0.002139
HG02082,KHV,-0.0009692
HG02084,KHV,-0.001893
HG02085,KHV,-0.01031
HG02086,KHV,-0.00787
HG02087,KHV,-0.009629
HG02088,KHV,-0.002382
HG02113,KHV,-0.006556
HG02116,KHV,-0.009457
HG02121,KHV,-0.01121
HG02122,KHV,-0.009341
HG02127,KHV,0.006014
HG02128,KHV,-0.001224
HG02130,KHV,-0.0005211
HG02131,KHV,-0.0296
HG02133,KHV,-0.007717
HG02134,KHV,-0.006824
HG02136,KHV,-0.01368
HG02137,KHV,0.006767
HG02138,KHV,0.005017
HG02139,KHV,-0.005533
HG02140,KHV,-0.0001242
HG02141,KHV,-0.005701
HG02142,KHV,-0.02431
HG02512,KHV,0.01703
HG02513,KHV,0.003394
HG02521,KHV,-0.008121
HG02522,KHV,0.0003116
HGDP01317,Lahu,-0.1035
HGDP01318,Lahu,-0.04323
HGDP01319,Lahu,-0.08805
HGDP01321,Lahu,-0.06606
HGDP01322,Lahu,-0.04138
HGDP01326,Lahu,-0.08628
LP6005441-DNA_B07,Lahu,-0.08326
LP6005443-DNA_E01,Lahu,-0.05403
NA19017,LWK,0.0006366
NA19019,LWK,-0.004318
NA19020,LWK,-0.009805
NA19023,LWK,-0.005656
NA19024,LWK,-0.005353
NA19025,LWK,0.001836
NA19026,LWK,0.003321
NA19027,LWK,-0.003358
NA19028,LWK,-0.01346
NA19030,LWK,-0.003498
NA19031,LWK,-0.01195
NA19035,LWK,-0.002544
NA19036,LWK,-0.008874
NA19037,LWK,-0.002399
NA19038,LWK,0.001438
NA19041,LWK,-0.005802
NA19042,LWK,-0.007593
NA19043,LWK,-0.008303
NA19307,LWK,-0.009448
NA19308,LWK,-0.01699
NA19309,LWK,-0.005703
NA19310,LWK,-0.0002321
NA19312,LWK,-0.001804
NA19314,LWK,-0.01129
NA19315,LWK,-0.004786
NA19316,LWK,-0.00918
NA19317,LWK,-0.002292
NA19318,LWK,-0.004672
NA19319,LWK,-0.00142
NA19320,LWK,-0.004612
NA19321,LWK,-0.009318
NA19323,LWK,-0.005694
NA19324,LWK,-0.01126
NA19327,LWK,-0.01776
NA19328,LWK,0.01473
NA19331,LWK,-0.01052
NA19332,LWK,-0.004593
NA19334,LWK,-0.006555
NA19338,LWK,-0.009258
NA19346,LWK,-0.003066
NA19347,LWK,-0.005554
NA19350,LWK,-0.002752
NA19351,LWK,0.003434
NA19355,LWK,-0.01004
NA19360,LWK,-0.004378
NA19372,LWK,-0.007772
NA19374,LWK,-0.01945
NA19375,LWK,0.001762
NA19376,LWK,-0.006956
NA19377,LWK,-0.01207
NA19378,LWK,-0.00755
NA19379,LWK,-8.379e-05
NA19380,LWK,-0.004696
NA19383,LWK,-0.002413
NA19384,LWK,-0.001174
NA19385,LWK,-0.01053
NA19390,LWK,-0.006032
NA19391,LWK,-0.001913
NA19393,LWK,-0.004362
NA19394,LWK,-0.01017
NA19395,LWK,-0.01027
NA19397,LWK,0.001951
NA19399,LWK,-0.0005879
NA19401,LWK,-0.005438
NA19403,LWK,-0.01975
NA19404,LWK,-0.002931
NA19428,LWK,-0.004311
NA19429,LWK,-0.006766
NA19430,LWK,-0.005909
NA19431,LWK,0.001985
NA19434,LWK,-0.004008
NA19435,LWK,-0.002213
NA19436,LWK,-0.01649
NA19437,LWK,-0.01195
NA19438,LWK,-0.005288
NA19439,LWK,-0.006021
NA19440,LWK,5.17e-05
NA19443,LWK,-0.004904
NA19445,LWK,-0.004556
NA19446,LWK,-0.002857
NA19448,LWK,8.477e-06
NA19449,LWK,-0.003629
NA19451,LWK,0.002349
NA19452,LWK,-0.01491
NA19454,LWK,-0.003152
NA19455,LWK,-0.007308
NA19456,LWK,-0.01129
NA19457,LWK,-0.00441
NA19461,LWK,-0.01128
NA19462,LWK,0.001418
NA19463,LWK,-0.01032
NA19466,LWK,-0.01265
NA19467,LWK,-0.006646
NA19468,LWK,-0.007319
NA19471,LWK,-0.005433
NA19472,LWK,-0.009868
NA19473,LWK,-0.01558
NA19474,LWK,-0.004843
NA19475,LWK,-0.01363
HGDP00130,Makrani,-0.07664
HGDP00131,Makrani,0.00424
HGDP00133,Makrani,0.09592
HGDP00134,Makrani,0.05932
HGDP00135,Makrani,-0.003956
HGDP00136,Makrani,-0.01571
HGDP00137,Makrani,0.03614
HGDP00139,Makrani,-0.04182
HGDP00140,Makrani,-0.03034
HGDP00141,Makrani,0.03249
HGDP00143,Makrani,0.004692
HGDP00144,Makrani,-0.01697
HGDP00145,Makrani,-0.02173
HGDP00146,Makrani,0.0755
HGDP00148,Makrani,-0.009934
HGDP00149,Makrani,-0.02901
HGDP00150,Makrani,-0.01029
HGDP00151,Makrani,0.1506
HGDP00153,Makrani,0.01601
HGDP00154,Makrani,0.05318
HGDP00155,Makrani,-0.007826
HGDP00158,Makrani,0.1348
HGDP00161,Makrani,0.09939
LP6005441-DNA_C07,Makrani,-0.00585
LP6005441-DNA_D07,Makrani,0.09494
HGDP00904,Mandenka,-0.02054
HGDP00905,Mandenka,-0.02314
HGDP00906,Mandenka,-0.02736
HGDP00907,Mandenka,-0.02836
HGDP00908,Mandenka,-0.03122
HGDP00909,Mandenka,-0.0287
HGDP00910,Mandenka,-0.03313
HGDP00911,Mandenka,0.01262
HGDP00912,Mandenka,-0.02417
HGDP00913,Mandenka,-0.01638
HGDP00914,Mandenka,-0.0333
HGDP00916,Mandenka,0.002721
HGDP00917,Mandenka,-0.03136
HGDP00918,Mandenka,-0.03774
HGDP00919,Mandenka,0.0007386
HGDP01200,Mandenka,-0.02893
HGDP01201,Mandenka,-0.01783
HGDP01202,Mandenka,-0.02759
HGDP01283,Mandenka,-0.02737
HGDP01285,Mandenka,-0.03217
LP6005441-DNA_E07,Mandenka,-0.02847
LP6005441-DNA_F07,Mandenka,-0.02847
SS6004470,Mandenka,-0.02814
HGDP00854,Maya,-0.01721
HGDP00856,Maya,-0.00242
HGDP00858,Maya,-0.002135
HGDP00859,Maya,-0.007405
HGDP00860,Maya,-0.1221
HGDP00861,Maya,-0.05775
HGDP00862,Maya,-0.01928
HGDP00863,Maya,-0.02508
HGDP00864,Maya,-0.008934
HGDP00865,Maya,0.03338
HGDP00868,Maya,-0.059
HGDP00869,Maya,-0.01332
HGDP00870,Maya,0.001703
HGDP00871,Maya,-0.1069
HGDP00872,Maya,0.006931
HGDP00873,Maya,0.02101
HGDP00875,Maya,-0.03771
HGDP00876,Maya,-0.09281
HGDP00877,Maya,-0.04149
LP6005441-DNA_G07,Maya,0.03114
LP6005441-DNA_H07,Maya,0.05155
HGDP00450,MbutiPygmy,-0.04213
HGDP00462,MbutiPygmy,-0.04268
HGDP00463,MbutiPygmy,-0.04069
HGDP00467,MbutiPygmy,-0.04563
HGDP00468,MbutiPygmy,-0.06297
HGDP00471,MbutiPygmy,-0.04915
HGDP00478,MbutiPygmy,-0.04525
HGDP00983,MbutiPygmy,-0.06482
HGDP00984,MbutiPygmy,-0.05734
HGDP01081,MbutiPygmy,-0.01377
LP6005441-DNA_A08,MbutiPygmy,-0.03824
LP6005441-DNA_B08,MbutiPygmy,-0.03297
LP6005592-DNA_C03,MbutiPygmy,-0.03567
SS6004471,MbutiPygmy,-0.05629
HGDP00490,Melanesian,-0.0589
HGDP00491,Melanesian,-0.0324
HGDP00655,Melanesian,-0.05341
HGDP00661,Melanesian,-0.05412
HGDP00662,Melanesian,-0.06094
HGDP00663,Melanesian,-0.05703
HGDP00664,Melanesian,-0.05688
HGDP00787,Melanesian,-0.04267
HGDP00788,Melanesian,-0.0587
HGDP00823,Melanesian,-0.04697
HGDP01027,Melanesian,-0.06449
LP6005441-DNA_A03,Melanesian,-0.05897
LP6005441-DNA_B03,Melanesian,-0.04238
HGDP01189,Miao,-0.0501
HGDP01190,Miao,-0.05497
HGDP01192,Miao,-0.03972
HGDP01193,Miao,-0.06126
HGDP01194,Miao,-0.05795
HGDP01195,Miao,-0.05911
HGDP01196,Miao,-0.05103
HGDP01197,Miao,-0.05392
LP6005441-DNA_C08,Miao,-0.03592
LP6005441-DNA_D08,Miao,-0.05458
HGDP01224,Mongola,-0.05134
HGDP01225,Mongola,-0.05018
HGDP01226,Mongola,-0.05533
HGDP01227,Mongola,-0.05046
HGDP01229,Mongola,-0.0717
HGDP01230,Mongola,-0.04482
HGDP01231,Mongola,-0.05054
HGDP01232,Mongola,-0.05496
LP6005441-DNA_E08,Mongola,-0.0503
LP6005441-DNA_F08,Mongola,-0.0419
HGDP01254,Mozabite,0.00665
HGDP01255,Mozabite,-0.02501
HGDP01256,Mozabite,-0.02213
HGDP01257,Mozabite,-0.009873
HGDP01258,Mozabite,0.007442
HGDP01259,Mozabite,-0.03156
HGDP01260,Mozabite,0.02686
HGDP01261,Mozabite,0.008174
HGDP01262,Mozabite,-0.01721
HGDP01263,Mozabite,-0.02132
HGDP01264,Mozabite,0.002674
HGDP01265,Mozabite,-0.00802
HGDP01266,Mozabite,-0.01002
HGDP01267,Mozabite,0.004855
HGDP01268,Mozabite,0.005085
HGDP01269,Mozabite,0.03582
HGDP01270,Mozabite,-0.07867
HGDP01271,Mozabite,-0.02655
HGDP01272,Mozabite,0.006125
HGDP01273,Mozabite,-0.01504
HGDP01275,Mozabite,-0.006784
HGDP01276,Mozabite,-0.005597
HGDP01277,Mozabite,0.02708
HGDP01279,Mozabite,-0.01426
HGDP01280,Mozabite,0.0004637
HGDP01282,Mozabite,-0.002094
LP6005441-DNA_G08,Mozabite,0.006867
LP6005441-DNA_H08,Mozabite,-0.01389
HG03052,MSL,-0.01225
HG03054,MSL,-0.008083
HG03055,MSL,-0.003845
HG03057,MSL,-0.001934
HG03058,MSL,-0.007633
HG03060,MSL,-0.01023
HG03061,MSL,0.00209
HG03063,MSL,-0.005684
HG03064,MSL,-0.005509
HG03066,MSL,-0.00752
HG03069,MSL,-0.009385
HG03072,MSL,-0.006712
HG03073,MSL,-0.004085
HG03074,MSL,-0.002526
HG03077,MSL,-0.008803
HG03078,MSL,-0.006942
HG03079,MSL,-0.006519
HG03081,MSL,-0.009012
HG03082,MSL,-0.001698
HG03084,MSL,-0.005531
HG03085,MSL,-0.00519
HG03086,MSL,-0.009931
HG03088,MSL,-0.009827
HG03091,MSL,-0.005685
HG03095,MSL,-0.008403
HG03096,MSL,-0.009946
HG03097,MSL,0.004474
HG03209,MSL,-0.001441
HG03212,MSL,0.003492
HG03224,MSL,-0.002167
HG03225,MSL,-0.006802
HG03376,MSL,-0.001019
HG03378,MSL,-0.00549
HG03380,MSL,-0.008123
HG03382,MSL,-0.007854
HG03385,MSL,0.0004513
HG03388,MSL,-0.01146
HG03391,MSL,-0.008673
HG03394,MSL,-0.01031
HG03397,MSL,-0.01007
HG03401,MSL,-0.01143
HG03410,MSL,-0.009997
HG03419,MSL,-0.007482
HG03428,MSL,-0.007123
HG03432,MSL,-0.002352
HG03433,MSL,-0.006292
HG03436,MSL,-0.007181
HG03437,MSL,-0.0105
HG03439,MSL,-0.003452
HG03442,MSL,-0.007174
HG03445,MSL,-0.01355
HG03446,MSL,-0.002676
HG03449,MSL,-0.007546
HG03451,MSL,-0.005815
HG03452,MSL,-0.009232
HG03455,MSL,-0.004675
HG03457,MSL,-0.005075
HG03458,MSL,-0.009824
HG03460,MSL,-0.003273
HG03461,MSL,-0.007243
HG03464,MSL,-0.0066
HG03469,MSL,-0.004456
HG03470,MSL,-0.01063
HG03472,MSL,-0.01318
HG03473,MSL,-0.005382
HG03476,MSL,-0.007395
HG03478,MSL,-0.001915
HG03479,MSL,-0.009844
HG03484,MSL,-0.007663
HG03485,MSL,-0.001327
HG03547,MSL,-0.01089
HG03548,MSL,-0.008019
HG03556,MSL,-0.007683
HG03557,MSL,-0.005167
HG03558,MSL,-0.009298
HG03559,MSL,-0.002426
HG03563,MSL,-0.002898
HG03565,MSL,-0.01178
HG03567,MSL,-0.01032
HG03571,MSL,-0.008835
HG03572,MSL,-0.002405
HG03575,MSL,-0.005979
HG03577,MSL,-0.007415
HG03578,MSL,-0.002949
HG03583,MSL,-0.003997
NA19648,MXL,0.02924
NA19649,MXL,0.0009574
NA19651,MXL,-0.03143
NA19652,MXL,-0.02913
NA19654,MXL,-0.008456
NA19655,MXL,-0.02973
NA19657,MXL,-0.0009728
NA19658,MXL,-0.02353
NA19661,MXL,-0.01223
NA19663,MXL,0.007607
NA19664,MXL,-0.01766
NA19669,MXL,-0.006625
NA19670,MXL,-0.01219
NA19676,MXL,-0.02502
NA19678,MXL,-0.03053
NA19679,MXL,0.06559
NA19681,MXL,3.256e-05
NA19682,MXL,0.005149
NA19684,MXL,-0.03789
NA19716,MXL,-0.008923
NA19717,MXL,-0.003369
NA19719,MXL,-0.03097
NA19720,MXL,-0.004148
NA19722,MXL,-0.02483
NA19723,MXL,-0.01612
NA19725,MXL,-0.02809
NA19726,MXL,0.01136
NA19728,MXL,0.1341
NA19729,MXL,0.101
NA19731,MXL,0.1387
NA19732,MXL,0.162
NA19734,MXL,0.02016
NA19735,MXL,0.08204
NA19740,MXL,0.03358
NA19741,MXL,0.07797
NA19746,MXL,0.02564
NA19747,MXL,-0.0002368
NA19749,MXL,-0.02839
NA19750,MXL,-0.0189
NA19752,MXL,-0.003435
NA19755,MXL,0.02085
NA19756,MXL,-0.02234
NA19758,MXL,0.05913
NA19759,MXL,0.05074
NA19761,MXL,-0.005588
NA19762,MXL,-0.007198
NA19764,MXL,-0.03134
NA19770,MXL,-0.03155
NA19771,MXL,-0.006631
NA19773,MXL,-0.04317
NA19774,MXL,-0.01318
NA19776,MXL,-0.0317
NA19777,MXL,-0.02777
NA19779,MXL,-0.03269
NA19780,MXL,-0.002738
NA19782,MXL,-0.01907
NA19783,MXL,0.04156
NA19785,MXL,0.02929
NA19786,MXL,0.002312
NA19788,MXL,-0.01552
NA19789,MXL,-0.0266
NA19792,MXL,-0.0387
NA19794,MXL,-0.009271
NA19795,MXL,-0.03102
HGDP01337,Naxi,-0.06526
HGDP01339,Naxi,-0.0648
HGDP01340,Naxi,-0.06497
HGDP01341,Naxi,-0.05825
HGDP01342,Naxi,-0.06252
HGDP01346,Naxi,-0.05659
LP6005441-DNA_A09,Naxi,-0.1009
LP6005441-DNA_B09,Naxi,-0.05639
LP6005443-DNA_E09,Naxi,-0.06467
HGDP00794,Orcadian,-0.03706
HGDP00795,Orcadian,-0.05069
HGDP00797,Orcadian,-0.03725
HGDP00799,Orcadian,-0.03343
HGDP00800,Orcadian,-0.04128
HGDP00802,Orcadian,-0.03324
HGDP00803,Orcadian,-0.02737
HGDP00804,Orcadian,-0.03331
HGDP00805,Orcadian,-0.04242
HGDP00806,Orcadian,-0.02139
HGDP00807,Orcadian,-0.026
HGDP00808,Orcadian,-0.0335
HGDP00810,Orcadian,-0.02242
LP6005441-DNA_C09,Orcadian,-0.03852
LP6005441-DNA_D09,Orcadian,-0.04186
HGDP01204,Oroqen,-0.073
HGDP01205,Oroqen,-0.07287
HGDP01206,Oroqen,-0.04356
HGDP01207,Oroqen,-0.06932
HGDP01208,Oroqen,-0.07762
HGDP01209,Oroqen,-0.05322
HGDP01212,Oroqen,-0.07432
LP6005441-DNA_E09,Oroqen,-0.0334
LP6005441-DNA_F09,Oroqen,-0.01999
HGDP00675,Palestinian,0.01712
HGDP00676,Palestinian,0.00181
HGDP00677,Palestinian,0.05366
HGDP00678,Palestinian,0.132
HGDP00679,Palestinian,0.01302
HGDP00680,Palestinian,-0.02857
HGDP00682,Palestinian,-0.01377
HGDP00683,Palestinian,-0.009178
HGDP00684,Palestinian,0.002599
HGDP00685,Palestinian,-0.02378
HGDP00686,Palestinian,-0.025
HGDP00687,Palestinian,0.03999
HGDP00688,Palestinian,0.01079
HGDP00689,Palestinian,-0.005732
HGDP00690,Palestinian,-0.009921
HGDP00691,Palestinian,-0.01555
HGDP00692,Palestinian,-0.0448
HGDP00693,Palestinian,0.02546
HGDP00694,Palestinian,-0.01878
HGDP00696,Palestinian,-0.009643
HGDP00697,Palestinian,0.008149
HGDP00698,Palestinian,0.05841
HGDP00699,Palestinian,-0.007545
HGDP00700,Palestinian,-0.02478
HGDP00723,Palestinian,-0.02448
HGDP00724,Palestinian,0.04571
HGDP00726,Palestinian,-0.002489
HGDP00727,Palestinian,0.04338
HGDP00729,Palestinian,-0.007564
HGDP00730,Palestinian,-0.01393
HGDP00731,Palestinian,-0.02509
HGDP00732,Palestinian,-0.002766
HGDP00733,Palestinian,-0.01769
HGDP00734,Palestinian,0.007607
HGDP00735,Palestinian,0.01985
HGDP00736,Palestinian,-0.005863
HGDP00738,Palestinian,0.01318
HGDP00739,Palestinian,-0.02814
HGDP00740,Palestinian,-0.01507
HGDP00741,Palestinian,0.0006251
HGDP00744,Palestinian,-0.02844
HGDP00745,Palestinian,0.04683
HGDP00746,Palestinian,-0.02025
LP6005441-DNA_G09,Palestinian,0.0005359
LP6005441-DNA_H09,Palestinian,0.003946
LP6005592-DNA_B03,Palestinian,0.01626
HGDP00540,Papuan,0.04617
HGDP00541,Papuan,0.01125
HGDP00542,Papuan,0.005661
HGDP00543,Papuan,0.03007
HGDP00544,Papuan,-0.1335
HGDP00545,Papuan,0.0216
HGDP00546,Papuan,0.02789
HGDP00547,Papuan,0.01099
HGDP00549,Papuan,0.005569
HGDP00550,Papuan,0.004696
HGDP00551,Papuan,-0.007927
HGDP00553,Papuan,0.0105
HGDP00555,Papuan,-0.0004632
HGDP00556,Papuan,0.00838
LP6005443-DNA_D08,Papuan,-0.00345
LP6005443-DNA_E08,Papuan,0.005702
LP6005443-DNA_F07,Papuan,0.0125
HGDP00213,Pathan,-0.02039
HGDP00214,Pathan,-0.02633
HGDP00218,Pathan,-0.02356
HGDP00222,Pathan,-0.02704
HGDP00224,Pathan,0.05002
HGDP00226,Pathan,-0.02534
HGDP00228,Pathan,-0.0298
HGDP00230,Pathan,-0.02581
HGDP00234,Pathan,0.1317
HGDP00237,Pathan,-0.02806
HGDP00239,Pathan,-0.03397
HGDP00241,Pathan,-0.005386
HGDP00243,Pathan,0.03421
HGDP00244,Pathan,0.004288
HGDP00247,Pathan,0.003868
HGDP00248,Pathan,-0.01026
HGDP00251,Pathan,0.1706
HGDP00254,Pathan,-0.02393
HGDP00258,Pathan,0.03887
HGDP00259,Pathan,0.09257
HGDP00262,Pathan,0.04012
HGDP00264,Pathan,-0.01919
LP6005441-DNA_C10,Pathan,-0.01691
LP6005441-DNA_D10,Pathan,-0.02394
HG01565,PEL,-0.04066
HG01566,PEL,-0.07404
HG01571,PEL,-0.03173
HG01572,PEL,0.06904
HG01577,PEL,-0.1089
HG01578,PEL,-0.05348
HG01892,PEL,-0.04317
HG01893,PEL,-0.08729
HG01917,PEL,0.02495
HG01918,PEL,0.003859
HG01920,PEL,0.1041
HG01921,PEL,-0.005258
HG01923,PEL,0.08825
HG01924,PEL,-0.06968
HG01926,PEL,0.1175
HG01927,PEL,0.06506
HG01932,PEL,0.008303
HG01933,PEL,-0.08514
HG01935,PEL,0.00528
HG01936,PEL,-0.04945
HG01938,PEL,0.1013
HG01939,PEL,-0.01347
HG01941,PEL,0.004811
HG01942,PEL,0.0212
HG01944,PEL,-0.06355
HG01945,PEL,0.002831
HG01947,PEL,-0.05684
HG01948,PEL,-0.1254
HG01950,PEL,0.003556
HG01951,PEL,0.07932
HG01953,PEL,0.04922
HG01954,PEL,0.06895
HG01961,PEL,0.102
HG01965,PEL,-0.07916
HG01967,PEL,-0.03816
HG01968,PEL,0.07381
HG01970,PEL,0.0985
HG01971,PEL,-0.1014
HG01973,PEL,0.007918
HG01974,PEL,0.06306
HG01976,PEL,-0.0325
HG01977,PEL,0.01853
HG01979,PEL,-0.02287
HG01980,PEL,-0.02307
HG01982,PEL,0.006824
HG01991,PEL,-0.002346
HG01992,PEL,0.04961
HG01997,PEL,0.04677
HG02002,PEL,-0.002792
HG02003,PEL,0.02819
HG02006,PEL,-0.2129
HG02008,PEL,0.01695
HG02089,PEL,-0.04033
HG02090,PEL,-0.08706
HG02102,PEL,0.02819
HG02104,PEL,0.04775
HG02105,PEL,0.07466
HG02146,PEL,0.08627
HG02147,PEL,0.05881
HG02150,PEL,0.08437
HG02252,PEL,-0.03942
HG02253,PEL,-0.06189
HG02259,PEL,0.09563
HG02260,PEL,0.02442
HG02262,PEL,-0.006276
HG02265,PEL,0.07786
HG02266,PEL,0.06124
HG02271,PEL,0.08756
HG02272,PEL,0.1306
HG02274,PEL,-0.1332
HG02275,PEL,0.08435
HG02277,PEL,-0.01412
HG02278,PEL,0.04515
HG02285,PEL,-0.002257
HG02286,PEL,-0.01678
HG02291,PEL,0.0954
HG02292,PEL,0.04834
HG02298,PEL,-0.03442
HG02299,PEL,0.04063
HG02301,PEL,0.006203
HG02304,PEL,-0.03032
HG02312,PEL,-0.06736
HG02345,PEL,-0.1113
HG02348,PEL,0.01765
HG02425,PEL,-0.08046
HGDP01037,Pima,-0.06914
HGDP01041,Pima,-0.05734
HGDP01043,Pima,-0.06721
HGDP01050,Pima,0.0009032
HGDP01051,Pima,-0.01724
HGDP01053,Pima,-0.0315
HGDP01055,Pima,-0.08739
HGDP01056,Pima,0.01607
HGDP01057,Pima,-0.04819
HGDP01058,Pima,0.04311
HGDP01059,Pima,-0.0796
HGDP01060,Pima,-0.09617
LP6005441-DNA_E10,Pima,-0.08312
LP6005441-DNA_F10,Pima,-0.01224
HG01583,PJL,-0.006123
HG01586,PJL,0.003316
HG01589,PJL,0.04787
HG01593,PJL,0.04357
HG02490,PJL,0.04442
HG02491,PJL,-0.006483
HG02493,PJL,-0.002114
HG02494,PJL,0.002397
HG02597,PJL,0.01323
HG02600,PJL,-0.008453
HG02601,PJL,-0.004955
HG02603,PJL,0.01112
HG02604,PJL,0.1153
HG02648,PJL,0.06008
HG02649,PJL,0.06754
HG02651,PJL,-0.001971
HG02652,PJL,-0.01112
HG02654,PJL,0.002742
HG02655,PJL,0.07519
HG02657,PJL,-0.01372
HG02658,PJL,0.1554
HG02660,PJL,0.02432
HG02661,PJL,-0.001607
HG02681,PJL,0.004136
HG02682,PJL,0.007327
HG02684,PJL,0.1454
HG02685,PJL,0.06329
HG02687,PJL,0.003368
HG02688,PJL,0.007055
HG02690,PJL,0.08474
HG02691,PJL,0.02059
HG02694,PJL,0.09629
HG02696,PJL,-0.01518
HG02697,PJL,0.005598
HG02699,PJL,0.07139
HG02700,PJL,-0.0002915
HG02724,PJL,0.008077
HG02725,PJL,0.01066
HG02727,PJL,0.01009
HG02728,PJL,0.001399
HG02731,PJL,-0.01315
HG02733,PJL,0.006392
HG02734,PJL,0.1389
HG02736,PJL,-0.004874
HG02737,PJL,-0.00456
HG02774,PJL,-0.006221
HG02775,PJL,0.007193
HG02778,PJL,0.009902
HG02780,PJL,0.07871
HG02783,PJL,0.01255
HG02784,PJL,0.005979
HG02786,PJL,0.009258
HG02787,PJL,0.01227
HG02789,PJL,0.004464
HG02790,PJL,0.003977
HG02792,PJL,-0.00172
HG02793,PJL,0.002622
HG03015,PJL,0.01243
HG03016,PJL,-0.003778
HG03018,PJL,0.005262
HG03019,PJL,0.02948
HG03021,PJL,0.004294
HG03022,PJL,0.09608
HG03228,PJL,0.03609
HG03229,PJL,0.04861
HG03234,PJL,-0.001852
HG03235,PJL,-0.005351
HG03237,PJL,0.0244
HG03238,PJL,-0.006584
HG03488,PJL,-0.009481
HG03490,PJL,0.05306
HG03491,PJL,-0.001821
HG03619,PJL,0.03733
HG03624,PJL,0.0105
HG03625,PJL,0.1041
HG03629,PJL,-0.001257
HG03631,PJL,-0.0008606
HG03634,PJL,-0.0002077
HG03636,PJL,-0.008194
HG03640,PJL,0.00566
HG03649,PJL,-0.01488
HG03652,PJL,-0.004897
HG03653,PJL,-0.005847
HG03660,PJL,0.007718
HG03663,PJL,-0.0002841
HG03667,PJL,0.01719
HG03668,PJL,-0.0104
HG03702,PJL,-0.009311
HG03703,PJL,-0.005695
HG03705,PJL,0.007149
HG03706,PJL,0.007262
HG03708,PJL,0.006742
HG03709,PJL,-0.005827
HG03762,PJL,-0.008835
HG03765,PJL,-0.001194
HG03767,PJL,0.01912
HG00551,PUR,0.01823
HG00553,PUR,-0.01409
HG00554,PUR,0.00882
HG00637,PUR,-0.01484
HG00638,PUR,-0.008374
HG00640,PUR,0.02562
HG00641,PUR,0.02564
HG00731,PUR,0.02716
HG00732,PUR,0.02624
HG00734,PUR,0.00951
HG00736,PUR,0.02834
HG00737,PUR,0.01653
HG00739,PUR,0.02913
HG00740,PUR,0.0034
HG00742,PUR,0.02844
HG00743,PUR,0.008878
HG01047,PUR,0.01317
HG01048,PUR,0.009737
HG01049,PUR,-0.03225
HG01051,PUR,-0.01565
HG01052,PUR,-0.03057
HG01054,PUR,0.008772
HG01055,PUR,-0.005467
HG01058,PUR,-0.0003208
HG01060,PUR,0.02137
HG01061,PUR,0.02794
HG01063,PUR,-0.05021
HG01064,PUR,-0.01257
HG01066,PUR,0.01863
HG01067,PUR,0.01746
HG01069,PUR,0.005024
HG01070,PUR,0.02242
HG01072,PUR,0.01703
HG01073,PUR,0.02339
HG01075,PUR,0.01998
HG01077,PUR,-0.01945
HG01079,PUR,-0.006073
HG01080,PUR,0.005384
HG01082,PUR,-0.01625
HG01083,PUR,0.005884
HG01085,PUR,-0.002856
HG01086,PUR,0.00555
HG01088,PUR,-0.02123
HG01089,PUR,-0.01855
HG01092,PUR,-0.03487
HG01094,PUR,-0.009809
HG01095,PUR,0.004126
HG01097,PUR,0.009326
HG01098,PUR,-0.0004159
HG01101,PUR,0.002617
HG01102,PUR,-0.006301
HG01104,PUR,0.005304
HG01105,PUR,0.02003
HG01107,PUR,-0.02323
HG01108,PUR,-0.04681
HG01110,PUR,0.006881
HG01111,PUR,0.004683
HG01161,PUR,-0.004613
HG01162,PUR,0.01067
HG01164,PUR,0.01557
HG01167,PUR,-0.02036
HG01168,PUR,0.02932
HG01170,PUR,0.003759
HG01171,PUR,-0.01823
HG01173,PUR,0.01734
HG01174,PUR,0.02885
HG01176,PUR,0.01277
HG01177,PUR,0.02151
HG01182,PUR,-0.003566
HG01183,PUR,0.0125
HG01187,PUR,0.0001755
HG01188,PUR,-0.02712
HG01190,PUR,-0.005503
HG01191,PUR,0.01048
HG01197,PUR,0.01752
HG01198,PUR,0.03601
HG01200,PUR,0.04538
HG01204,PUR,0.004488
HG01205,PUR,-0.004202
HG01241,PUR,-0.05851
HG01242,PUR,-0.06577
HG01247,PUR,-0.01663
HG01248,PUR,-0.0006324
HG01286,PUR,-0.02175
HG01302,PUR,-0.003011
HG01303,PUR,0.001776
HG01305,PUR,-0.01442
HG01308,PUR,-0.02382
HG01311,PUR,0.003671
HG01312,PUR,-0.002226
HG01323,PUR,-0.009997
HG01325,PUR,0.01201
HG01326,PUR,-0.002471
HG01392,PUR,-0.008045
HG01393,PUR,-0.03029
HG01395,PUR,0.01788
HG01396,PUR,-0.01635
HG01398,PUR,0.02599
HG01402,PUR,-0.01297
HG01403,PUR,-0.01625
HG01405,PUR,0.008819
HG01412,PUR,-0.003594
HG01413,PUR,-0.001936
HG01414,PUR,-0.01058
HGDP00879,Russian,-0.0154
HGDP00880,Russian,-0.0218
HGDP00881,Russian,-0.02756
HGDP00882,Russian,-0.02423
HGDP00883,Russian,-0.02171
HGDP00884,Russian,-0.0234
HGDP00885,Russian,-0.01597
HGDP00886,Russian,-0.01862
HGDP00888,Russian,-0.008949
HGDP00889,Russian,-0.03275
HGDP00890,Russian,-0.02298
HGDP00891,Russian,-0.0258
HGDP00892,Russian,-0.01345
HGDP00893,Russian,-0.02583
HGDP00894,Russian,-0.02552
HGDP00895,Russian,-0.02033
HGDP00896,Russian,-0.02808
HGDP00897,Russian,-0.02525
HGDP00898,Russian,-0.02706
HGDP00899,Russian,-0.02691
HGDP00900,Russian,-0.0007705
HGDP00901,Russian,-0.02026
HGDP00902,Russian,-0.02048
LP6005441-DNA_G10,Russian,-0.0162
LP6005441-DNA_H10,Russian,-0.02342
HGDP00992,San,-0.08489
HGDP01029,San,-0.08851
LP6005441-DNA_A11,San,-0.08977
LP6005441-DNA_B11,San,-0.07609
LP6005443-DNA_G08,San,-0.08207
SS6004473,San,-0.08969
HGDP00666,Sardinian,-0.02085
HGDP00667,Sardinian,-0.02905
HGDP00668,Sardinian,-0.01444
HGDP00669,Sardinian,-0.01789
HGDP00670,Sardinian,-0.01483
HGDP00671,Sardinian,-0.01772
HGDP00672,Sardinian,-0.003938
HGDP00673,Sardinian,-0.01639
HGDP00674,Sardinian,-0.002611
HGDP01062,Sardinian,-0.0183
HGDP01063,Sardinian,-0.005873
HGDP01064,Sardinian,-0.01223
HGDP01065,Sardinian,-0.003245
HGDP01066,Sardinian,-0.01176
HGDP01067,Sardinian,0.007588
HGDP01068,Sardinian,-0.01279
HGDP01069,Sardinian,-0.004188
HGDP01070,Sardinian,0.005164
HGDP01071,Sardinian,-0.02266
HGDP01072,Sardinian,-0.01865
HGDP01073,Sardinian,-0.01371
HGDP01074,Sardinian,-0.02698
HGDP01075,Sardinian,-0.01117
HGDP01077,Sardinian,-0.01665
LP6005441-DNA_C11,Sardinian,0.01268
LP6005441-DNA_D11,Sardinian,-0.02667
SS6004474,Sardinian,-0.008219
HGDP01327,She,-0.05232
HGDP01328,She,-0.07323
HGDP01329,She,-0.04807
HGDP01330,She,-0.04897
HGDP01331,She,-0.04643
HGDP01332,She,-0.06257
HGDP01334,She,-0.06286
HGDP01336,She,-0.06066
LP6005443-DNA_F01,She,-0.05395
LP6005443-DNA_G01,She,-0.05005
HGDP00163,Sindhi,0.04162
HGDP00165,Sindhi,-0.002175
HGDP00167,Sindhi,-0.01256
HGDP00169,Sindhi,0.006155
HGDP00171,Sindhi,0.06829
HGDP00173,Sindhi,-0.04837
HGDP00175,Sindhi,-0.09487
HGDP00177,Sindhi,-0.04442
HGDP00179,Sindhi,0.05674
HGDP00181,Sindhi,0.08765
HGDP00183,Sindhi,-0.01488
HGDP00185,Sindhi,-0.02105
HGDP00187,Sindhi,-0.01346
HGDP00189,Sindhi,-0.01568
HGDP00191,Sindhi,0.102
HGDP00192,Sindhi,0.05501
HGDP00197,Sindhi,-0.009897
HGDP00199,Sindhi,0.0472
HGDP00201,Sindhi,-0.006011
HGDP00205,Sindhi,-0.01765
HGDP00206,Sindhi,0.05902
HGDP00210,Sindhi,-0.01297
LP6005441-DNA_G11,Sindhi,0.04826
LP6005441-DNA_H11,Sindhi,-0.006037
HG03642,STU,-0.001931
HG03643,STU,0.008922
HG03644,STU,-0.005325
HG03645,STU,0.0006767
HG03646,STU,-0.005332
HG03672,STU,0.03135
HG03673,STU,-0.004081
HG03679,STU,0.007332
HG03680,STU,-0.006597
HG03681,STU,0.01029
HG03684,STU,0.005564
HG03685,STU,-0.001003
HG03686,STU,0.01608
HG03687,STU,0.03275
HG03689,STU,0.03481
HG03690,STU,0.09064
HG03691,STU,-0.002629
HG03692,STU,0.02974
HG03693,STU,0.005691
HG03694,STU,-0.01911
HG03695,STU,0.02084
HG03696,STU,0.1508
HG03697,STU,0.01142
HG03698,STU,0.006404
HG03711,STU,0.03813
HG03733,STU,0.04458
HG03736,STU,-0.0006616
HG03738,STU,0.05114
HG03740,STU,0.08031
HG03741,STU,0.03155
HG03743,STU,0.03558
HG03744,STU,-0.0009716
HG03745,STU,0.02792
HG03746,STU,-0.007587
HG03750,STU,0.008775
HG03752,STU,0.05941
HG03753,STU,-0.006662
HG03754,STU,-0.00813
HG03755,STU,-0.000993
HG03756,STU,0.05835
HG03757,STU,-0.005847
HG03760,STU,-0.005764
HG03836,STU,0.04688
HG03837,STU,0.1418
HG03838,STU,0.0435
HG03844,STU,0.02354
HG03846,STU,-0.003721
HG03848,STU,-0.006629
HG03849,STU,0.003837
HG03850,STU,0.006753
HG03851,STU,0.001207
HG03854,STU,0.05805
HG03856,STU,0.00921
HG03857,STU,-0.00699
HG03858,STU,0.07587
HG03884,STU,0.03633
HG03885,STU,0.007428
HG03886,STU,-0.007279
HG03887,STU,0.005011
HG03888,STU,0.006106
HG03890,STU,-0.01411
HG03894,STU,0.0262
HG03895,STU,0.05814
HG03896,STU,0.09378
HG03897,STU,0.0004062
HG03898,STU,0.05494
HG03899,STU,0.02989
HG03900,STU,0.03411
HG03943,STU,0.006894
HG03944,STU,0.03552
HG03945,STU,0.01889
HG03947,STU,-0.006893
HG03949,STU,0.0271
HG03950,STU,-0.007866
HG03951,STU,-0.01419
HG03953,STU,0.005705
HG03955,STU,0.05633
HG03985,STU,0.04071
HG03986,STU,0.001474
HG03989,STU,0.02254
HG03990,STU,-0.001523
HG03991,STU,0.01981
HG03995,STU,0.001643
HG03998,STU,-0.01077
HG03999,STU,-0.00353
HG04003,STU,0.001163
HG04006,STU,-0.001853
HG04029,STU,0.02436
HG04033,STU,-0.0003254
HG04035,STU,0.01691
HG04038,STU,0.01369
HG04039,STU,-0.005777
HG04042,STU,-0.0004998
HG04047,STU,-0.003731
HG04075,STU,0.02307
HG04099,STU,-0.007193
HG04100,STU,-0.006977
HG04106,STU,0.03343
HG04107,STU,0.03036
HG04210,STU,0.001867
HG04227,STU,-0.008526
HG04229,STU,-0.002186
HGDP00832,Surui,-0.04228
HGDP00837,Surui,-0.08319
HGDP00838,Surui,-0.1891
HGDP00843,Surui,-0.1426
HGDP00845,Surui,-0.1105
HGDP00849,Surui,-0.1092
LP6005441-DNA_A12,Surui,-0.129
LP6005441-DNA_B12,Surui,-0.1116
NA20502,TSI,0.01349
NA20503,TSI,-0.004489
NA20504,TSI,-0.00299
NA20505,TSI,-0.004455
NA20506,TSI,-0.00356
NA20507,TSI,0.008799
NA20508,TSI,-0.0006389
NA20509,TSI,-0.007469
NA20510,TSI,-0.01472
NA20511,TSI,-4.858e-06
NA20512,TSI,-0.00418
NA20513,TSI,-0.009322
NA20514,TSI,-0.00283
NA20515,TSI,-0.003106
NA20516,TSI,-0.0004214
NA20517,TSI,0.007994
NA20518,TSI,-0.007794
NA20519,TSI,-0.002591
NA20520,TSI,-0.0114
NA20521,TSI,-0.00497
NA20522,TSI,-0.01021
NA20524,TSI,-0.002993
NA20525,TSI,0.001001
NA20527,TSI,-0.001796
NA20528,TSI,-0.007047
NA20529,TSI,-0.002498
NA20530,TSI,-0.00726
NA20531,TSI,-0.004821
NA20532,TSI,-0.01061
NA20533,TSI,0.001916
NA20534,TSI,0.002015
NA20535,TSI,0.001525
NA20536,TSI,-0.003144
NA20538,TSI,0.002393
NA20539,TSI,0.0006167
NA20540,TSI,0.00462
NA20541,TSI,0.008012
NA20542,TSI,0.006123
NA20543,TSI,-0.01043
NA20544,TSI,-0.003042
NA20581,TSI,-0.001632
NA20582,TSI,0.01026
NA20585,TSI,0.04491
NA20586,TSI,-0.01229
NA20587,TSI,0.0002279
NA20588,TSI,0.0003443
NA20589,TSI,-0.009881
NA20752,TSI,-0.009364
NA20753,TSI,-0.008405
NA20754,TSI,-0.007395
NA20755,TSI,-0.006719
NA20756,TSI,-0.0006543
NA20757,TSI,-0.004079
NA20758,TSI,-0.00648
NA20759,TSI,-0.008439
NA20760,TSI,-0.007278
NA20761,TSI,-0.0007007
NA20762,TSI,0.007681
NA20763,TSI,-0.005127
NA20764,TSI,-0.001024
NA20765,TSI,-0.005322
NA20766,TSI,-0.008408
NA20767,TSI,-0.006896
NA20768,TSI,-0.002291
NA20769,TSI,-0.01575
NA20770,TSI,-0.009317
NA20771,TSI,-0.00888
NA20772,TSI,-0.001984
NA20773,TSI,0.001593
NA20774,TSI,-0.005514
NA20775,TSI,-0.00392
NA20778,TSI,0.0006563
NA20783,TSI,0.003363
NA20785,TSI,-0.01504
NA20786,TSI,-0.001989
NA20787,TSI,-0.001516
NA20790,TSI,0.000466
NA20792,TSI,-0.004614
NA20795,TSI,-0.01026
NA20796,TSI,-0.00138
NA20797,TSI,-0.005263
NA20798,TSI,0.003383
NA20799,TSI,0.004576
NA20800,TSI,-0.002051
NA20801,TSI,-0.009744
NA20802,TSI,-0.01044
NA20803,TSI,-0.004523
NA20804,TSI,-0.006206
NA20805,TSI,0.002328
NA20806,TSI,0.003457
NA20807,TSI,-0.007048
NA20808,TSI,-0.004648
NA20809,TSI,-0.006831
NA20810,TSI,-0.01188
NA20811,TSI,-0.006292
NA20812,TSI,-0.003132
NA20813,TSI,-0.01227
NA20814,TSI,-0.01265
NA20815,TSI,-0.003864
NA20818,TSI,-0.008183
NA20819,TSI,0.01139
NA20821,TSI,-0.003576
NA20822,TSI,-0.009966
NA20826,TSI,-0.001202
NA20827,TSI,-0.01039
NA20828,TSI,-0.002931
NA20832,TSI,-0.008195
HGDP01347,Tu,-0.05412
HGDP01348,Tu,-0.04769
HGDP01349,Tu,-0.04098
HGDP01351,Tu,-0.04984
HGDP01352,Tu,-0.04136
HGDP01353,Tu,-0.0612
HGDP01354,Tu,-0.05163
HGDP01356,Tu,-0.05873
LP6005441-DNA_D12,Tu,-0.05787
LP6005443-DNA_H01,Tu,-0.06339
HGDP01096,Tujia,-0.05376
HGDP01097,Tujia,0.03046
HGDP01099,Tujia,-0.06454
HGDP01100,Tujia,-0.05117
HGDP01101,Tujia,-0.05512
HGDP01102,Tujia,-0.0575
HGDP01103,Tujia,-0.054
HGDP01104,Tujia,-0.04641
LP6005441-DNA_F12,Tujia,-0.01616
LP6005443-DNA_A02,Tujia,-0.04723
HGDP01161,Tuscan,-0.06233
HGDP01162,Tuscan,-0.06584
HGDP01164,Tuscan,-0.06867
HGDP01166,Tuscan,-0.07141
HGDP01167,Tuscan,-0.07412
HGDP01169,Tuscan,-0.06923
LP6005441-DNA_G12,Tuscan,-0.07145
LP6005441-DNA_H12,Tuscan,-0.04658
HGDP01298,Uygur,-0.05839
HGDP01299,Uygur,-0.05275
HGDP01300,Uygur,-0.05
HGDP01301,Uygur,-0.06267
HGDP01302,Uygur,-0.008621
HGDP01303,Uygur,-0.06167
HGDP01304,Uygur,-0.04759
HGDP01305,Uygur,-0.05384
LP6005442-DNA_B01,Uygur,-0.05882
LP6005443-DNA_B02,Uygur,-0.04851
HGDP01243,Xibo,-0.1043
HGDP01244,Xibo,-0.05202
HGDP01245,Xibo,-0.04447
HGDP01247,Xibo,-0.07354
HGDP01248,Xibo,-0.06839
HGDP01249,Xibo,-0.04804
HGDP01251,Xibo,-0.04906
LP6005442-DNA_D01,Xibo,-0.0605
LP6005443-DNA_C02,Xibo,-0.04865
HGDP00945,Yakut,0.00246
HGDP00946,Yakut,-0.01503
HGDP00947,Yakut,-0.02938
HGDP00948,Yakut,-0.02444
HGDP00949,Yakut,-0.07581
HGDP00950,Yakut,-0.02135
HGDP00952,Yakut,-0.0193
HGDP00953,Yakut,-0.08818
HGDP00954,Yakut,0.01915
HGDP00955,Yakut,-0.007694
HGDP00957,Yakut,-0.02358
HGDP00958,Yakut,-0.01834
HGDP00959,Yakut,0.03299
HGDP00960,Yakut,-0.01353
HGDP00961,Yakut,-0.02597
HGDP00962,Yakut,-0.01473
HGDP00963,Yakut,-0.01074
HGDP00964,Yakut,-0.02456
HGDP00965,Yakut,0.001686
HGDP00966,Yakut,-0.02497
HGDP00967,Yakut,-0.009456
HGDP00968,Yakut,-0.029
HGDP00969,Yakut,-0.05046
LP6005442-DNA_F01,Yakut,-0.01293
LP6005443-DNA_D02,Yakut,-0.004981
HGDP01180,Yi,-0.04402
HGDP01181,Yi,-0.05416
HGDP01182,Yi,-0.008418
HGDP01183,Yi,-0.06492
HGDP01184,Yi,-0.05302
HGDP01185,Yi,-0.0615
HGDP01186,Yi,-0.0577
HGDP01187,Yi,-0.05119
LP6005442-DNA_G01,Yi,-0.06157
LP6005442-DNA_H01,Yi,-0.04999
HGDP00920,Yoruba,-0.02097
HGDP00924,Yoruba,-0.02209
HGDP00925,Yoruba,-0.02787
HGDP00926,Yoruba,-0.02821
HGDP00929,Yoruba,-0.02908
HGDP00930,Yoruba,-0.02162
HGDP00931,Yoruba,-0.02838
HGDP00933,Yoruba,-0.0221
HGDP00934,Yoruba,-0.02314
HGDP00935,Yoruba,-0.0226
HGDP00937,Yoruba,-0.02862
HGDP00938,Yoruba,-0.02823
HGDP00939,Yoruba,-0.02162
HGDP00940,Yoruba,-0.02107
HGDP00941,Yoruba,-0.02439
HGDP00942,Yoruba,-0.02439
HGDP00943,Yoruba,-0.029
HGDP00944,Yoruba,-0.02437
LP6005442-DNA_A02,Yoruba,-0.03418
LP6005442-DNA_B02,Yoruba,-0.0296
SS6004475,Yoruba,-0.02093
NA18486,YRI,-0.009169
NA18488,YRI,-0.0104
NA18489,YRI,-0.01052
NA18498,YRI,-0.007882
NA18499,YRI,-0.009754
NA18501,YRI,-0.002044
NA18502,YRI,-0.002708
NA18504,YRI,0.0009333
NA18505,YRI,-0.0004126
NA18507,YRI,-0.01049
NA18508,YRI,-0.01173
NA18510,YRI,-0.007069
NA18511,YRI,-0.01125
NA18516,YRI,0.0005442
NA18517,YRI,0.002044
NA18519,YRI,-0.009652
NA18520,YRI,-0.003373
NA18522,YRI,-0.005996
NA18523,YRI,-0.005098
NA18853,YRI,-0.01438
NA18856,YRI,-0.0003496
NA18858,YRI,-0.007038
NA18861,YRI,-0.009278
NA18864,YRI,-3.997e-05
NA18865,YRI,-0.00584
NA18867,YRI,-0.003057
NA18868,YRI,-0.01011
NA18870,YRI,-0.005631
NA18871,YRI,-0.006357
NA18873,YRI,-0.01071
NA18876,YRI,-0.004559
NA18877,YRI,0.001064
NA18878,YRI,-0.005671
NA18879,YRI,-0.005304
NA18881,YRI,-0.003739
NA18907,YRI,-0.002
NA18908,YRI,-0.005646
NA18909,YRI,-0.002659
NA18910,YRI,-0.01001
NA18912,YRI,-0.004182
NA18915,YRI,-0.001423
NA18916,YRI,-0.01126
NA18917,YRI,-0.006065
NA18923,YRI,-0.002612
NA18924,YRI,-0.001906
NA18933,YRI,-0.006713
NA18934,YRI,-0.004201
NA19092,YRI,-1.506e-06
NA19093,YRI,-0.005617
NA19095,YRI,-0.0009675
NA19096,YRI,-0.005037
NA19098,YRI,-0.007784
NA19099,YRI,-0.002236
NA19102,YRI,-0.009534
NA19107,YRI,-0.003449
NA19108,YRI,0.003249
NA19113,YRI,0.00489
NA19114,YRI,-0.006041
NA19116,YRI,0.000346
NA19117,YRI,-0.003577
NA19118,YRI,-0.01488
NA19119,YRI,0.0006289
NA19121,YRI,-0.00239
NA19129,YRI,0.002724
NA19130,YRI,-0.005016
NA19131,YRI,-0.01042
NA19137,YRI,-0.0009384
NA19138,YRI,-0.002029
NA19141,YRI,0.007701
NA19143,YRI,-0.008695
NA19144,YRI,-0.005814
NA19146,YRI,-0.005666
NA19147,YRI,-0.007317
NA19149,YRI,0.004663
NA19152,YRI,-0.006023
NA19153,YRI,-0.001134
NA19159,YRI,-0.007279
NA19160,YRI,-0.007808
NA19171,YRI,-0.002909
NA19172,YRI,-0.001998
NA19175,YRI,-0.005269
NA19184,YRI,-0.004286
NA19185,YRI,-0.01186
NA19189,YRI,0.01
NA19190,YRI,-0.005499
NA19197,YRI,-0.007986
NA19198,YRI,-0.003804
NA19200,YRI,-0.0005928
NA19201,YRI,0.0024
NA19204,YRI,-0.004466
NA19206,YRI,-0.008748
NA19207,YRI,-0.002737
NA19209,YRI,-0.007227
NA19210,YRI,-0.002958
NA19213,YRI,-0.00382
NA19214,YRI,-0.008611
NA19222,YRI,0.0009938
NA19223,YRI,-0.008387
NA19225,YRI,-0.009642
NA19235,YRI,-0.001384
NA19236,YRI,0.0003389
NA19238,YRI,-0.008937
NA19239,YRI,-0.007547
NA19247,YRI,-0.002135
NA19248,YRI,0.002323
NA19256,YRI,0.001308
NA19257,YRI,-0.005493
